zone_id,parks_3mi,golf_courses_3mi,schools_3mi,fast_food_3mi,restauraunt_3mi,supermarket_3mi,cafes_3mi
104,0,0,0,0,0,0,0
103,1,0,0,0,0,0,0
2614,0,0,0,0,0,0,0
2612,0,0,0,0,0,0,0
2611,0,0,1,0,0,0,0
2616,0,0,0,0,0,0,0
2724,0,0,0,0,0,0,0
2789,0,0,0,0,0,0,0
2788,0,0,2,0,0,0,0
2787,0,0,2,0,0,0,0
2615,0,0,0,0,0,0,0
2607,0,0,0,0,0,0,0
2608,0,0,0,0,0,0,0
2613,0,0,0,0,0,0,0
2767,0,0,0,0,0,0,0
2766,9,1,3,0,0,2,0
2791,4,0,3,0,0,1,0
2591,0,0,0,0,0,0,0
2609,0,0,0,0,0,0,0
2605,0,0,0,0,0,0,0
2593,0,0,0,0,0,0,0
2592,0,0,0,0,0,0,0
2768,2,0,0,0,0,0,0
2773,2,0,0,0,0,0,0
2795,10,1,6,0,0,1,0
2740,12,1,6,0,0,2,1
2606,0,0,0,0,0,0,0
2594,0,0,0,0,0,0,0
2587,0,0,0,0,0,0,0
2596,0,0,0,0,0,0,0
2603,0,0,0,0,0,0,0
2617,0,0,0,0,0,0,0
2602,0,0,0,0,0,0,0
2600,0,0,0,0,0,0,0
2769,0,0,1,0,0,0,0
2770,1,0,1,0,0,0,0
2765,3,0,2,0,0,0,0
2772,2,0,0,0,0,0,0
2796,5,1,2,0,0,1,0
2523,7,4,0,2,2,0,1
2477,2,0,0,0,0,0,0
2524,6,4,0,0,1,0,0
2478,2,0,2,8,9,3,3
2474,7,0,0,0,0,0,0
2475,11,3,0,2,2,0,1
2481,10,1,10,12,17,4,5
2585,3,2,7,6,10,0,5
2579,2,2,9,6,10,0,5
2586,0,2,3,0,0,0,0
2578,2,2,9,5,10,0,5
2576,0,0,3,0,0,0,0
2595,0,2,1,1,1,0,0
2582,4,3,8,6,10,0,5
879,10,0,3,1,0,0,0
910,13,0,4,1,0,0,0
878,4,0,1,1,0,0,0
877,0,0,1,0,0,0,0
2471,9,0,4,0,0,1,0
2470,15,0,0,3,9,2,3
2469,14,3,2,5,14,2,4
2473,2,1,4,0,0,1,0
2479,3,1,6,8,12,5,3
2480,7,1,7,8,14,5,4
2547,14,1,12,14,24,4,9
2548,6,1,12,14,22,3,9
2546,14,1,12,14,24,4,9
2532,13,2,9,12,17,4,5
2549,14,3,13,14,22,3,9
2583,4,3,9,6,10,0,5
2581,7,3,10,6,10,0,6
2584,3,2,9,6,10,0,5
2580,5,3,12,6,10,0,6
2570,5,2,12,6,10,0,5
2566,10,3,10,12,16,3,7
2565,6,3,8,6,10,0,5
880,11,0,3,1,0,0,0
889,10,1,2,1,0,0,0
888,12,2,1,1,0,0,0
882,4,1,1,0,0,0,0
881,9,0,1,1,0,0,0
949,12,1,3,1,0,0,0
927,12,0,3,1,0,0,0
926,13,0,3,1,0,0,0
2461,14,4,2,2,4,0,0
2462,26,0,1,8,15,2,4
2463,28,0,3,9,17,2,5
2554,13,3,12,14,22,3,9
2553,5,3,12,14,22,3,9
2550,14,3,13,14,22,3,9
2482,5,0,12,12,15,3,7
2545,14,1,12,14,24,4,9
2568,9,3,10,12,18,3,7
2569,6,3,11,12,18,3,8
2567,11,3,10,12,18,3,8
956,20,1,1,0,0,0,0
948,12,1,3,1,0,0,0
890,27,2,1,1,1,0,0
891,19,2,2,1,1,0,0
989,30,1,0,3,4,0,1
993,21,1,0,3,5,0,1
990,20,0,0,3,3,0,1
1168,2,0,1,0,0,0,0
992,19,0,2,3,4,0,0
1861,4,0,2,0,1,0,0
988,32,1,0,4,4,0,1
991,14,0,2,1,2,0,0
1859,5,0,2,0,1,0,0
973,35,1,0,4,4,0,1
2460,14,9,1,11,10,1,2
2421,27,9,14,13,12,3,4
2459,27,4,0,2,3,0,0
2423,17,6,8,8,5,2,1
2422,19,6,11,8,5,3,2
2410,21,6,13,8,4,2,3
2455,28,4,1,5,12,0,2
983,34,1,0,1,0,0,0
1017,43,2,1,1,1,0,0
1016,53,2,5,7,7,3,1
986,31,1,0,3,3,0,1
975,46,1,0,4,4,0,1
987,35,1,0,4,4,0,1
974,37,1,0,4,4,0,1
1405,25,0,14,17,14,0,1
1404,46,0,17,7,23,0,2
1401,48,0,15,7,23,0,2
2453,18,9,6,13,17,1,5
2419,28,9,10,21,25,2,6
2454,27,7,2,11,11,1,2
2446,25,6,2,15,20,1,4
980,41,1,2,2,1,0,0
1018,61,0,3,7,5,2,0
1019,67,2,7,7,8,3,1
978,27,2,0,2,2,0,1
982,29,2,1,2,1,0,1
976,34,2,0,3,3,0,1
957,28,2,1,1,1,0,0
981,24,2,1,3,3,0,1
962,25,1,1,3,3,0,1
979,26,0,0,1,0,0,1
985,24,0,0,1,0,0,0
977,36,1,0,3,3,0,1
963,33,1,0,3,4,0,1
1428,37,1,17,17,18,0,3
1429,44,1,20,31,37,1,9
1430,52,1,23,22,41,1,7
2452,22,10,6,18,22,1,6
2451,26,10,8,26,27,3,7
2448,25,10,6,18,21,1,6
2447,21,11,5,19,22,1,6
2449,26,10,7,27,27,2,7
2450,26,11,8,30,29,3,7
2418,26,11,8,29,27,3,7
2433,22,10,5,25,34,2,7
1432,55,0,29,28,48,3,4
1435,58,1,35,29,50,3,10
1440,52,1,39,45,59,4,12
1441,59,1,44,52,64,5,13
1216,66,2,45,43,73,7,17
1442,62,1,41,36,65,6,12
1431,54,1,21,18,40,1,3
1438,48,1,31,37,46,1,10
1437,52,1,26,27,47,1,10
1436,53,1,25,27,46,1,7
2308,29,1,14,12,19,0,4
2309,28,2,13,8,20,0,3
2310,22,2,7,6,20,0,3
2273,27,11,17,27,81,5,10
2278,21,3,11,7,20,0,3
2297,30,11,19,16,46,4,5
2301,29,3,16,8,20,0,3
2302,30,2,15,12,20,0,4
2435,23,7,1,8,21,0,3
2434,20,7,3,16,34,0,6
2436,24,6,3,8,14,0,2
2293,21,8,9,35,45,3,7
2290,20,7,6,24,44,0,8
2289,13,5,3,20,44,0,7
2294,15,7,1,13,29,0,6
2432,24,11,8,33,44,3,7
2431,24,11,8,34,45,3,7
1443,65,1,40,43,65,4,12
1217,64,4,46,50,64,5,14
1223,63,5,46,46,67,6,16
1222,64,5,45,43,76,7,17
2100,29,11,34,45,99,13,14
2101,31,11,28,47,93,10,11
2068,36,11,28,43,88,9,10
1674,34,11,24,45,110,16,21
2276,25,8,9,27,63,2,7
2275,29,6,12,28,61,3,8
2274,32,7,18,38,96,6,13
2283,23,5,9,32,52,1,8
2282,22,4,8,27,64,1,12
2284,17,3,7,24,49,1,9
2280,20,3,9,18,40,1,5
2285,14,3,3,20,44,0,5
2291,21,8,10,35,45,3,8
2292,25,10,10,36,49,4,8
2430,27,11,8,34,48,4,7
1446,70,2,48,42,73,7,15
1225,63,6,46,47,72,6,18
1224,65,5,47,42,75,7,17
1524,71,3,54,47,91,10,21
2097,31,13,32,47,106,15,14
2096,34,11,32,50,98,11,11
2061,34,10,32,50,96,12,10
2098,31,14,29,51,108,15,18
2099,34,12,28,52,111,17,21
2281,24,4,9,28,61,1,9
2260,27,3,10,26,60,1,9
2277,25,6,12,16,43,1,6
2279,20,3,9,10,33,0,3
2259,31,3,12,30,62,3,11
1885,63,6,49,49,76,7,18
1884,63,6,47,45,71,8,16
1883,67,5,51,37,71,7,17
2092,30,16,29,56,111,17,18
2093,29,15,31,48,108,14,13
2094,30,15,31,55,104,11,12
1890,64,6,49,55,82,8,17
1893,64,6,47,50,77,8,17
1896,67,6,53,48,79,9,19
1894,66,5,50,47,76,8,19
2091,34,14,32,56,117,17,17
2090,31,15,33,50,112,16,14
2089,32,14,36,51,107,14,13
1892,62,6,50,58,76,8,17
1895,65,6,47,54,80,9,18
1897,57,6,46,59,82,11,20
1891,62,6,45,59,76,8,16
1889,35,7,41,54,68,6,12
1888,31,7,45,57,73,8,12
1886,34,6,43,57,62,6,12
1887,22,7,42,53,63,7,12
1898,52,6,53,62,79,8,18
1902,30,7,52,57,75,8,12
1916,22,7,46,53,61,7,12
1917,24,8,47,58,69,8,12
1547,66,5,54,53,77,14,22
2084,34,12,41,46,111,16,16
2085,34,12,38,45,108,14,14
2086,32,12,41,44,103,13,12
1899,49,6,49,61,89,11,22
1901,40,8,51,65,99,13,20
2075,40,8,50,63,111,14,22
1548,45,7,49,60,109,18,20
1900,39,7,51,64,102,12,22
2082,41,9,44,57,119,18,17
2083,38,13,41,54,115,18,20
2081,32,11,46,56,107,12,15
1875,40,12,46,53,121,18,22
1549,50,6,46,56,92,19,20
2076,36,9,50,62,109,14,20
2080,33,11,46,53,111,13,15
2627,0,0,0,0,0,0,0
2632,0,0,0,0,0,0,0
2633,0,0,0,0,0,0,0
2622,0,0,0,0,0,0,0
407,0,0,0,0,0,0,0
2623,0,0,0,0,1,0,1
2624,0,0,0,0,7,0,2
2626,0,0,0,0,1,0,1
410,1,0,0,0,0,0,0
411,0,0,0,0,0,0,0
729,1,0,0,0,1,0,0
409,13,0,0,0,0,0,0
500,10,2,0,3,0,0,0
501,20,2,0,7,2,1,1
512,20,2,2,7,2,1,1
487,7,2,1,0,0,0,0
499,16,2,3,7,2,1,1
502,24,2,3,9,3,2,1
503,27,2,6,10,4,3,2
488,24,3,6,12,5,3,2
498,27,3,6,12,5,3,2
489,37,3,11,12,5,3,2
495,41,3,17,21,10,7,4
497,31,3,8,12,5,3,2
490,40,3,14,12,4,5,4
449,24,3,6,12,5,3,2
492,43,5,23,15,9,7,7
491,34,2,13,8,5,4,4
493,52,4,25,22,15,6,5
446,20,1,5,0,0,0,0
494,49,3,24,26,14,7,5
462,42,4,22,13,9,7,6
463,45,5,26,15,11,10,7
469,54,4,28,24,16,8,5
476,57,4,31,25,26,8,5
464,43,6,25,15,13,9,8
461,42,6,23,15,17,9,9
470,52,4,24,21,23,9,6
478,55,4,32,26,27,8,5
460,40,6,30,15,17,9,9
451,39,6,25,14,17,9,9
465,43,6,28,17,13,10,8
450,37,6,17,14,17,8,9
444,37,7,16,14,18,8,8
1169,20,0,6,0,1,0,0
1167,26,0,4,1,1,0,0
467,42,6,36,15,13,10,8
459,35,6,32,15,19,10,9
466,43,6,31,17,12,10,7
471,44,6,31,19,20,10,6
468,41,6,35,12,13,9,5
1170,28,0,13,0,1,0,0
1171,29,0,17,0,1,1,0
1166,36,0,15,0,1,0,0
1128,40,6,37,13,13,9,5
458,41,6,35,16,21,11,11
457,44,6,37,16,22,11,10
1129,34,6,37,12,10,9,4
456,40,6,32,16,21,9,10
1130,33,7,38,13,17,9,5
472,40,6,34,13,13,8,5
984,41,0,4,1,0,0,0
1172,33,0,22,7,5,2,0
1116,35,0,27,12,10,4,0
1102,36,0,24,11,7,4,0
1173,30,0,17,8,2,1,0
1174,31,0,16,1,1,0,0
1175,26,0,15,1,1,0,0
1176,25,0,9,1,1,0,0
1084,35,6,38,13,15,9,5
1083,41,6,38,13,19,9,7
1095,29,5,36,14,11,9,4
1132,26,5,39,9,11,8,4
1101,49,0,13,8,2,2,0
1122,31,0,35,12,13,5,0
1117,36,0,35,13,16,5,0
1114,44,0,34,13,15,5,1
1123,34,0,34,10,10,5,0
1085,33,5,35,20,16,8,5
1086,31,3,40,14,14,8,4
1094,28,3,40,12,10,7,1
1121,32,0,41,10,13,6,0
1125,33,0,33,8,6,4,0
1119,37,0,46,13,17,6,1
1118,36,0,38,13,16,5,1
1133,26,0,39,10,10,5,0
1087,27,2,42,15,13,9,3
1093,23,0,41,9,10,6,0
1092,23,0,42,8,6,4,0
1090,27,0,43,10,9,5,0
1126,28,0,41,8,7,5,0
1077,39,0,47,15,19,6,3
1134,27,0,36,8,6,3,0
1120,38,0,46,13,17,6,1
1088,27,0,44,10,14,6,1
1089,28,0,45,10,17,6,1
1091,22,0,40,8,7,5,0
2601,0,0,0,0,0,0,0
2621,0,0,0,0,0,0,0
2366,0,0,0,0,0,0,0
773,0,0,0,0,0,0,0
2599,0,0,0,0,0,0,0
781,0,0,0,0,0,0,0
775,1,0,0,0,0,0,0
776,0,0,0,0,0,0,0
774,0,0,0,0,0,0,0
780,0,0,0,0,0,0,0
772,2,0,1,1,3,1,1
759,0,0,0,0,0,0,0
2630,0,0,0,0,0,0,0
755,2,1,0,0,0,0,0
754,6,1,4,1,4,1,3
743,3,0,4,1,0,1,0
742,2,0,3,1,1,0,0
2629,0,0,0,2,1,0,1
2631,0,0,0,0,0,0,0
2635,0,0,0,2,9,0,1
2628,0,0,0,2,9,0,1
2598,0,0,0,0,0,0,0
741,2,0,2,1,1,0,0
746,6,0,4,1,5,1,3
753,7,1,3,1,4,1,3
745,7,1,4,1,5,1,3
744,4,0,4,1,1,1,0
2597,0,0,0,0,0,0,0
2604,0,0,0,0,0,0,0
2634,0,0,0,1,4,1,1
2636,0,0,0,2,9,0,1
2625,0,0,0,0,1,0,1
2620,0,0,0,0,0,0,0
2618,0,0,0,0,0,0,0
2619,0,0,0,0,0,0,0
2358,0,2,0,0,0,0,0
2359,0,2,0,0,0,0,0
2362,0,0,0,0,0,0,0
779,0,1,0,0,0,0,0
2349,4,1,5,0,0,1,0
2357,0,2,0,0,0,0,0
777,5,1,2,9,8,1,2
765,1,0,0,0,2,0,0
768,5,2,1,12,13,3,2
758,1,0,0,0,0,0,1
762,1,0,2,2,4,2,3
770,1,0,2,3,5,2,2
842,9,2,9,15,16,4,3
841,12,1,11,15,15,4,3
778,13,2,11,11,11,2,2
809,14,2,6,14,17,3,3
766,12,3,1,6,9,2,1
767,5,2,0,14,15,3,2
760,2,1,1,0,1,0,0
761,11,2,2,2,5,0,0
764,0,0,0,0,0,0,0
769,0,0,0,0,0,0,0
763,0,0,1,1,1,1,2
771,1,0,2,3,5,2,2
757,1,1,0,0,4,0,4
756,4,1,1,0,4,1,4
2367,16,2,11,9,9,3,5
2172,18,3,15,10,8,3,2
2158,22,4,19,11,19,3,4
2159,27,4,24,10,23,5,3
2171,21,3,19,11,24,4,7
2157,23,3,20,13,21,3,4
834,20,4,13,11,12,2,3
833,24,3,21,7,29,2,4
832,29,2,14,18,26,3,4
810,18,2,8,16,16,4,3
811,19,2,10,16,17,4,3
839,19,2,10,15,17,4,3
803,20,3,8,17,21,3,3
804,21,2,8,18,22,3,3
808,17,2,8,18,23,3,4
2368,18,3,20,9,14,3,4
2160,30,4,25,23,33,7,9
2169,23,3,25,10,21,4,6
2369,23,2,22,13,24,5,8
2170,22,3,23,10,15,4,5
831,25,3,13,21,30,4,4
830,28,3,14,28,35,7,5
835,23,2,13,15,18,4,3
824,30,3,17,24,31,5,5
823,30,2,17,17,34,4,5
829,27,3,15,30,37,7,5
836,23,3,13,17,23,5,4
837,22,3,12,18,23,5,4
806,20,2,12,19,25,5,4
838,22,2,12,17,23,5,4
807,19,2,9,19,24,4,4
805,28,3,12,29,37,7,5
529,27,2,11,15,44,4,6
527,21,2,17,16,34,4,3
526,28,2,3,15,38,3,6
594,31,2,35,40,42,10,5
595,24,2,25,22,34,5,5
605,29,2,26,24,42,5,6
509,49,2,23,28,17,7,5
507,40,2,19,22,12,5,4
2165,26,3,23,14,31,7,10
2166,25,3,21,14,24,7,8
2167,25,3,25,14,24,7,8
2168,23,3,23,14,25,5,9
2370,27,3,21,16,27,6,8
2164,30,4,26,27,40,9,12
801,31,3,12,30,41,7,4
799,31,3,14,28,39,6,4
827,32,3,15,31,40,7,5
826,32,3,15,31,40,7,5
828,30,3,15,30,40,7,5
791,20,5,6,13,22,2,2
727,20,6,7,13,19,2,2
728,12,3,3,5,9,0,0
783,30,8,10,20,33,4,3
789,27,8,8,18,30,3,2
790,25,9,9,17,32,3,2
782,26,7,12,20,38,4,3
726,28,8,15,16,32,6,4
724,27,8,14,10,30,7,5
528,28,2,20,21,46,4,5
606,30,1,33,38,55,7,5
609,31,2,33,47,62,6,10
608,29,2,23,28,49,5,9
597,36,1,36,40,55,8,5
596,25,2,33,34,42,6,5
593,35,2,33,38,41,8,3
581,37,1,35,39,44,8,4
523,25,2,22,31,25,6,4
582,46,1,39,43,53,10,10
524,17,2,13,20,28,6,4
591,42,1,39,47,54,9,4
522,35,3,20,30,23,5,4
564,39,2,25,34,36,6,5
517,32,4,16,28,22,5,3
516,32,3,17,29,22,5,3
565,41,1,27,42,40,8,6
580,38,1,28,41,40,8,5
563,43,1,26,40,38,7,6
506,37,2,16,21,11,4,2
510,44,2,28,30,26,8,6
552,46,2,25,28,27,6,5
551,40,1,23,28,20,4,5
2163,26,4,24,23,36,8,12
2205,32,3,23,14,25,7,10
2204,30,2,20,16,27,8,11
2206,25,3,23,15,24,7,9
797,30,7,13,21,34,5,3
798,28,3,10,19,33,5,3
812,31,7,15,20,36,4,2
800,27,3,10,20,32,5,3
794,24,3,8,14,23,4,3
818,31,6,15,21,31,5,2
820,32,5,17,30,37,7,5
819,31,5,15,30,37,7,4
796,30,8,12,21,35,5,3
795,27,6,9,19,36,5,3
788,30,8,11,17,33,3,2
787,30,8,12,18,33,3,2
715,30,8,18,20,44,7,9
725,30,8,18,18,36,7,5
686,30,8,14,20,39,9,4
716,28,7,13,17,35,7,8
723,25,4,11,11,25,4,3
717,23,4,8,16,30,4,5
714,30,3,12,15,28,4,6
718,16,3,7,10,17,4,3
708,25,1,6,17,30,5,8
607,30,2,22,28,45,6,9
621,35,2,30,45,62,6,12
622,33,2,25,26,53,6,10
627,36,2,18,29,51,8,9
623,35,2,19,27,50,7,9
579,37,1,35,36,39,7,5
578,42,1,37,40,41,7,5
577,47,1,38,31,43,8,8
561,47,1,30,32,29,7,6
562,44,1,31,36,38,7,6
566,40,0,30,39,39,7,6
553,49,1,30,31,29,8,6
511,54,2,30,27,26,8,6
2400,35,2,22,24,32,9,11
2201,32,2,20,18,33,9,10
2195,30,2,22,16,33,10,8
2200,38,2,23,17,35,9,8
2199,46,4,21,27,38,8,12
2401,45,6,20,34,40,9,14
2190,31,4,27,22,34,9,12
2162,32,2,28,20,34,8,10
2191,35,1,24,14,28,8,8
2161,33,2,28,20,31,8,10
2193,30,2,18,12,31,8,7
2202,30,2,21,16,30,9,10
2203,32,3,22,16,30,8,10
672,32,7,21,25,53,7,10
681,29,8,24,20,46,7,8
682,30,8,23,14,37,6,6
712,35,5,16,21,51,7,11
713,29,4,13,17,39,7,9
710,32,2,17,17,33,5,9
707,34,2,10,20,37,5,9
711,39,3,19,25,54,7,12
695,36,0,22,30,54,9,10
645,38,2,25,31,52,8,10
646,29,2,16,27,50,6,8
644,40,1,28,44,72,8,12
696,42,0,26,35,62,9,12
699,40,0,22,28,58,8,12
629,38,2,30,37,62,6,12
630,38,2,28,40,67,8,13
628,39,2,27,34,60,7,11
2197,41,2,22,24,47,8,11
2198,46,3,22,31,46,8,14
2235,43,5,19,33,57,7,13
2246,43,7,18,39,57,8,13
702,40,3,21,33,58,10,13
701,39,1,27,38,73,10,14
703,34,2,19,26,58,6,11
704,38,1,19,23,48,6,10
698,42,1,28,40,75,10,13
647,50,1,38,41,70,12,14
658,45,3,31,39,71,12,14
697,44,1,29,43,73,8,13
2242,34,13,10,36,51,4,8
2237,37,9,14,35,58,5,9
2244,38,12,16,35,48,5,9
2245,41,8,16,38,54,6,12
2231,37,6,12,37,71,5,12
2230,33,7,11,34,64,4,10
2238,33,9,12,35,60,5,9
2232,37,5,14,37,73,5,12
2233,40,3,17,41,75,8,16
2236,41,5,18,32,57,6,12
2234,42,3,20,36,68,8,14
2266,33,2,12,37,73,5,12
2270,28,5,8,28,51,3,7
2241,33,12,11,35,51,5,9
2229,35,5,11,37,72,5,12
2228,35,2,12,37,73,5,13
730,4,0,0,0,1,0,0
740,4,0,0,0,1,0,0
747,4,0,3,1,1,0,0
731,14,0,0,3,14,0,4
412,19,0,0,3,12,0,4
732,21,0,1,4,17,1,4
748,6,0,0,0,0,0,0
752,5,1,1,0,4,1,3
739,8,0,0,0,0,0,1
733,21,0,1,3,15,1,4
737,18,0,0,2,7,1,2
749,6,0,1,2,5,0,0
750,8,1,3,3,6,0,0
751,0,0,0,0,0,0,0
736,20,0,1,6,19,2,3
709,18,0,1,4,11,1,2
738,8,0,1,2,6,0,1
692,28,1,5,15,34,4,8
719,12,2,3,4,9,2,1
735,26,1,2,8,27,3,5
734,23,1,1,7,26,2,5
693,35,1,11,22,42,6,9
706,34,1,11,20,41,7,9
694,35,0,15,24,47,7,9
705,39,1,17,23,50,6,9
700,38,0,20,26,45,8,10
792,11,3,6,11,16,1,1
793,20,3,8,14,20,4,3
720,9,0,1,3,8,0,1
721,11,3,3,3,9,0,1
802,25,3,10,27,27,6,4
722,14,3,4,5,11,2,1
519,24,3,2,5,11,1,3
525,20,1,2,3,14,1,4
531,26,1,2,4,17,1,4
532,24,1,2,4,17,1,4
520,24,4,3,17,25,3,5
518,28,4,4,12,7,3,2
513,29,2,5,12,5,3,2
539,26,2,3,10,29,2,5
538,24,1,2,8,29,2,6
530,25,2,2,8,29,2,5
537,23,1,1,8,28,2,6
536,22,1,2,8,22,2,5
521,28,4,15,19,17,4,3
549,30,2,3,18,43,4,10
540,29,2,5,18,48,4,7
541,26,2,8,16,48,4,7
550,26,2,3,8,27,2,5
535,21,1,2,4,17,1,4
414,23,1,2,3,15,1,4
413,20,1,2,3,14,1,4
533,26,1,2,4,17,1,4
534,24,1,2,4,17,1,4
542,28,2,14,24,48,4,8
544,28,2,10,24,46,4,8
543,30,2,15,25,49,5,8
545,28,2,9,25,50,6,8
625,28,2,14,25,51,6,8
547,28,2,8,23,48,6,8
624,30,2,16,26,50,6,8
626,26,2,14,26,51,6,8
548,27,2,7,22,47,6,9
546,27,2,10,24,51,4,10
504,32,2,7,12,5,3,2
514,35,3,8,12,6,3,2
505,32,2,9,14,5,3,2
515,37,3,19,23,15,4,3
508,41,2,21,25,14,4,3
496,37,3,11,16,8,4,2
2365,0,0,0,0,0,0,0
2364,0,0,1,0,0,0,0
2560,0,0,1,0,0,0,0
2363,0,0,1,0,0,0,0
2398,2,0,1,0,1,0,0
2361,2,0,1,0,1,0,0
2360,0,1,0,0,0,0,0
2356,0,2,0,0,0,0,0
2395,1,2,2,0,3,1,0
2397,2,2,3,0,3,1,0
2529,9,0,4,0,3,1,0
2393,3,0,3,0,0,0,0
2399,2,0,1,0,0,0,0
2354,2,0,1,0,0,0,0
2353,2,0,1,0,0,0,0
2355,2,1,1,0,0,0,0
2426,5,2,7,2,6,2,1
2396,8,1,5,8,15,3,3
2534,12,2,8,8,14,4,4
2389,13,0,13,1,0,1,1
2394,5,1,3,0,1,0,0
2425,6,2,6,0,0,1,0
2429,2,2,6,2,9,3,2
2531,9,1,8,8,14,5,4
2533,12,2,8,12,16,4,4
2388,17,0,18,9,12,3,5
2390,10,0,12,7,6,2,3
2382,9,2,10,7,9,2,3
2408,32,7,18,17,17,5,4
2392,5,0,6,0,0,1,0
2391,8,2,10,7,5,2,3
2409,21,3,13,2,0,1,2
2377,16,2,14,11,16,4,5
2374,21,2,23,13,24,5,8
2376,18,2,16,9,14,3,4
2386,18,2,18,11,15,4,5
2387,26,2,21,10,15,2,5
2372,31,2,23,16,21,6,7
2384,15,2,14,9,14,3,3
2383,11,2,12,7,11,2,3
2380,14,2,10,9,13,3,3
2381,17,2,12,9,14,3,4
2375,21,2,18,11,17,4,6
2385,21,2,16,10,16,4,4
2371,27,4,25,17,27,8,9
2404,36,3,23,24,32,9,11
2403,42,7,23,27,22,7,11
2373,23,4,24,16,23,6,9
2351,4,1,2,0,0,0,0
2352,3,0,3,0,0,0,0
2350,0,2,0,0,0,0,0
840,14,2,10,15,17,4,3
2378,15,2,11,9,14,3,5
2379,13,2,11,7,11,2,3
2559,2,0,1,0,0,0,0
2530,11,1,9,9,19,2,7
2558,9,3,8,5,8,0,5
2563,3,2,5,5,8,0,5
2552,14,3,12,13,20,3,9
2557,14,3,12,14,22,3,9
2561,9,3,9,6,13,0,6
2538,12,1,7,12,20,4,9
2544,14,1,12,14,23,4,9
2535,12,2,8,11,16,4,4
2551,14,3,12,14,22,3,9
2556,13,3,12,14,22,3,9
2555,13,3,11,14,22,3,9
2536,10,2,5,8,14,4,4
2543,14,1,12,13,22,4,9
2564,0,2,0,0,0,0,0
2562,6,3,8,6,9,0,5
2541,14,1,10,13,22,4,9
2540,14,1,9,12,20,4,9
2539,13,1,7,12,17,4,6
2537,12,2,7,11,16,4,4
2542,14,1,11,13,22,4,9
2424,5,2,5,0,0,1,0
2407,33,7,18,22,19,5,6
2405,38,7,18,31,32,5,9
2402,41,9,16,35,44,7,12
2406,38,10,17,31,30,5,9
2420,32,10,15,29,29,5,9
2427,4,2,4,0,2,2,0
2428,3,2,4,0,2,2,0
2472,3,1,4,0,0,1,0
2416,33,12,15,32,31,5,9
2417,31,11,14,30,32,4,7
2415,36,12,15,36,44,4,8
2414,36,13,13,37,46,4,8
2411,37,13,13,35,48,5,8
2413,30,12,10,34,44,4,7
2412,31,12,9,36,49,4,7
2243,29,12,10,36,49,4,7
2240,32,11,11,35,49,4,8
2239,33,8,11,35,52,5,9
2149,34,3,34,23,29,8,10
2148,32,4,38,26,40,8,13
2147,32,4,37,29,36,7,11
2180,33,4,38,28,40,8,13
2150,33,3,34,24,33,8,11
2189,31,3,31,21,33,9,11
2145,32,4,39,28,40,7,14
2146,33,4,37,27,39,6,12
2144,30,4,35,24,28,4,9
2151,35,3,30,21,29,7,8
2143,31,3,31,22,26,3,7
2134,31,4,43,27,35,5,11
2135,33,4,40,26,33,5,11
2132,34,6,40,28,37,6,11
2142,29,4,38,24,26,3,8
2136,28,4,38,25,30,4,9
2179,30,4,38,30,40,7,14
2131,39,5,46,32,38,6,12
2122,43,7,49,40,49,6,17
2130,39,5,43,30,35,5,10
2123,41,5,47,38,44,8,15
2120,40,7,45,39,53,7,19
2129,36,5,43,29,31,5,10
2119,37,7,43,41,58,8,20
2121,49,7,49,41,57,7,17
2124,50,5,47,36,36,8,12
671,40,4,23,27,59,8,12
657,49,2,43,41,71,13,14
659,48,2,40,41,70,12,14
669,45,3,38,36,66,12,14
2117,48,7,48,44,60,8,18
2118,48,7,49,41,51,7,17
2115,46,7,48,46,64,10,18
2114,39,7,43,37,66,7,20
2116,51,7,48,44,54,7,18
2107,52,5,49,42,52,7,17
2125,50,5,46,34,33,6,9
656,53,2,50,42,79,12,13
660,53,2,49,39,71,12,14
661,52,2,48,36,61,10,9
2109,52,7,52,40,67,7,22
1638,52,6,54,42,79,8,25
1639,51,6,53,40,81,7,26
2110,45,6,49,43,75,9,26
655,55,2,52,37,77,10,11
650,57,2,51,34,70,9,9
654,65,2,50,37,72,10,9
649,54,1,42,41,81,10,14
638,56,1,50,40,69,8,9
637,60,1,54,42,82,9,13
651,63,1,53,38,70,10,11
663,54,2,52,35,60,13,9
662,51,2,50,33,59,11,10
636,67,1,57,40,93,11,15
664,64,2,57,34,58,10,7
665,54,2,56,29,46,11,8
666,47,2,47,30,56,9,9
653,74,2,52,37,68,12,10
652,69,1,53,36,70,10,10
1480,71,2,54,34,55,11,8
1479,78,2,53,40,80,10,13
1467,86,1,56,36,99,9,21
1491,70,3,56,28,43,10,7
1161,72,1,35,9,105,12,22
1159,45,1,36,4,58,5,10
1146,39,0,34,5,26,2,5
1160,70,1,38,7,128,10,25
1286,93,1,43,19,256,11,48
1147,34,0,39,7,11,2,3
1158,35,1,37,3,30,4,5
1162,39,1,38,12,81,9,15
1157,33,1,41,11,42,6,9
1148,27,0,37,8,8,3,0
1150,25,1,35,3,13,3,1
1149,22,0,38,7,6,3,0
1151,27,1,37,2,18,3,2
1152,26,1,38,4,9,4,1
1141,36,0,25,5,12,0,3
1143,50,0,35,10,42,2,12
1197,38,0,24,10,17,1,4
1144,61,0,37,9,73,6,13
1320,70,1,39,14,126,7,19
1137,32,0,33,7,10,3,1
1136,27,0,35,8,9,3,0
1127,27,0,35,8,6,3,0
1138,30,0,25,8,8,1,0
1319,89,1,44,27,263,10,50
1331,190,1,47,50,323,13,73
1635,65,6,53,52,94,11,28
1636,69,4,57,48,81,9,26
1634,69,7,53,52,104,12,31
1637,56,6,56,43,65,7,24
1616,66,6,50,49,111,11,34
1613,79,3,58,49,134,15,43
1478,166,2,56,50,152,13,33
1477,205,3,56,53,266,17,69
1468,210,1,57,59,294,16,64
1482,181,2,63,41,153,14,48
1490,75,3,58,38,63,10,16
1481,87,2,54,39,86,12,23
1145,61,0,37,6,91,8,17
1318,89,1,45,23,266,11,50
1332,190,1,45,43,328,15,77
1333,206,1,54,54,380,20,92
1299,206,1,56,49,380,21,86
1298,193,1,51,42,330,17,82
1287,165,1,43,30,304,14,63
1334,194,1,56,50,362,17,86
1330,186,1,44,44,301,11,66
1321,79,1,41,26,205,9,37
1487,178,3,65,55,162,17,55
1612,175,3,67,55,161,17,52
1615,75,5,56,53,141,16,41
1614,77,3,59,55,143,15,44
1476,207,2,58,54,291,19,72
1475,205,2,61,62,306,22,79
1484,185,3,62,49,167,15,65
1483,188,3,59,54,223,17,73
1345,210,1,54,56,391,21,96
1335,192,1,56,51,351,18,84
1336,200,1,59,57,382,20,92
1694,215,1,58,49,391,20,96
1329,186,1,47,46,308,13,68
1738,227,1,57,52,404,20,97
1739,221,1,61,54,401,21,94
1346,220,1,61,58,392,20,94
1528,85,2,65,58,140,15,43
1533,76,4,60,51,110,11,33
1527,83,3,61,54,104,10,29
1526,82,3,56,52,95,9,24
1539,62,4,60,47,120,13,35
1540,70,4,62,46,129,12,41
1532,79,2,67,50,139,16,44
1535,77,3,61,51,86,13,18
1536,74,5,55,49,81,10,19
1525,73,4,56,49,81,10,21
1537,74,3,58,51,94,13,23
1538,68,3,63,49,98,11,28
1486,187,3,68,70,256,18,82
1611,178,3,65,60,191,18,60
1610,160,3,61,60,176,18,56
1567,87,3,65,45,110,13,41
1488,173,3,63,44,125,15,43
1471,218,2,62,59,353,22,88
1470,224,2,56,56,360,23,81
1469,218,2,57,57,346,23,78
1462,226,1,53,55,367,21,82
1474,202,2,68,68,340,20,96
1473,229,2,68,55,378,21,97
1699,221,1,63,58,395,20,95
1698,219,1,63,58,394,20,94
1697,219,1,62,57,394,20,95
1706,221,2,64,58,398,21,95
1543,60,4,59,48,130,17,44
1542,60,2,61,67,172,17,55
1541,91,2,68,63,180,18,56
1544,56,3,60,52,109,18,31
1553,47,4,61,52,112,21,31
1534,83,4,63,51,100,10,27
1559,48,4,49,50,100,21,22
1545,59,3,57,57,92,18,26
1546,59,4,56,59,97,20,24
1518,192,3,66,75,353,18,97
1601,183,3,68,69,271,20,90
1602,176,3,64,71,255,20,87
1472,223,3,70,64,402,23,103
1456,223,1,64,58,391,24,98
1516,225,3,66,70,382,21,100
1517,210,3,64,73,364,19,97
1708,221,2,64,57,397,21,95
1702,221,2,64,55,396,21,95
1701,223,1,63,55,394,20,94
1360,218,2,65,58,401,21,98
1347,214,1,63,58,391,20,93
1348,212,1,65,57,390,20,95
1710,223,2,62,61,406,21,100
1709,222,2,63,58,400,21,98
1707,220,2,63,60,401,21,97
1531,159,2,73,63,194,18,63
1522,151,2,62,70,209,20,69
1506,157,2,71,67,225,19,74
1507,172,2,72,70,301,20,92
1504,171,2,79,74,354,20,96
1505,166,2,83,70,246,20,82
1519,186,4,68,78,358,19,97
1603,172,4,64,77,287,20,92
1511,176,2,66,71,352,22,96
1609,172,3,64,74,245,20,80
1608,166,3,61,63,187,16,63
1837,225,2,67,66,401,23,104
1455,223,2,66,63,406,24,101
1834,225,2,66,64,404,24,103
1514,220,3,66,70,392,22,102
1454,224,2,65,63,396,24,100
1515,221,3,65,70,380,21,99
1833,223,2,64,65,401,24,102
1713,222,2,63,58,403,21,99
1712,223,2,63,57,399,21,96
1711,223,2,64,56,397,21,96
1714,222,2,63,58,406,22,99
1361,221,2,64,61,408,23,102
1359,217,2,66,60,407,22,102
1362,222,2,70,64,408,23,102
1767,222,2,66,63,409,24,101
1758,221,2,65,62,408,24,101
1717,221,2,65,61,408,24,101
1716,221,2,63,60,407,23,101
1510,201,2,68,71,362,22,99
1607,154,3,61,71,208,18,69
1619,140,3,65,60,189,17,63
1520,172,3,68,78,304,21,95
1521,154,2,67,70,247,21,84
1604,153,3,66,73,235,21,79
1606,64,2,61,71,189,19,65
1605,67,1,60,67,191,20,65
1869,54,2,62,50,140,20,49
1620,71,4,60,59,167,16,57
1786,222,2,66,64,405,24,103
1781,223,2,66,66,404,24,102
1832,222,2,67,67,393,24,101
1715,222,2,63,61,404,21,99
1723,222,2,63,60,399,21,98
1722,224,2,62,57,398,21,97
1719,221,2,65,60,404,24,99
1718,221,2,65,61,400,22,99
1720,221,2,66,62,406,24,101
1760,221,2,66,63,406,24,102
1754,222,2,64,62,405,24,101
1761,222,2,65,65,406,24,102
1759,222,2,66,64,409,24,102
1770,223,2,65,63,406,24,102
1766,220,2,67,66,403,24,103
1778,222,2,67,66,404,24,103
1775,223,2,66,64,404,24,103
1779,223,2,70,63,404,24,101
1785,222,2,67,65,404,24,103
1788,222,2,64,65,403,24,103
1829,224,2,64,63,406,24,103
1764,222,2,64,66,405,24,103
1765,222,2,64,66,403,24,103
1790,223,2,64,64,405,24,103
1762,222,2,65,65,404,24,103
1784,223,2,65,65,405,24,103
1792,225,2,64,64,406,24,103
1787,223,2,64,63,404,24,103
2156,31,3,20,13,28,3,3
2155,29,3,25,15,19,5,4
822,30,2,21,24,36,5,6
2139,29,4,23,17,28,4,3
2140,30,4,28,19,24,4,7
843,24,7,26,22,35,4,3
2138,28,5,28,21,35,4,5
2137,28,3,37,24,26,4,8
1596,25,6,24,22,39,5,3
816,29,5,26,23,38,5,5
821,31,6,18,18,31,4,3
784,27,9,13,18,38,7,4
786,33,8,16,15,30,4,2
815,25,7,27,22,35,4,5
1594,27,6,30,22,34,3,4
2127,27,3,42,29,26,4,8
1595,28,4,39,25,24,4,7
1591,23,7,28,23,33,6,3
785,22,9,18,17,37,6,3
691,24,7,22,17,35,6,3
1597,35,6,17,15,32,4,2
1598,33,7,15,17,32,3,2
813,33,7,14,17,33,3,2
2128,29,4,39,28,30,5,9
2126,43,2,43,31,27,5,8
1593,28,8,35,23,30,4,4
1583,36,6,37,12,24,8,3
1584,40,5,42,16,26,9,5
1590,31,5,33,18,23,9,3
690,23,6,28,15,36,7,2
689,27,7,35,17,37,9,3
1582,32,5,35,16,34,9,4
677,40,5,46,19,36,8,4
1581,43,5,46,17,35,8,5
1585,42,3,44,27,25,9,6
1573,44,3,51,23,37,9,5
1574,48,3,51,26,42,10,6
1575,55,4,54,34,37,9,10
676,51,1,53,24,39,9,8
678,39,5,42,22,39,10,6
675,44,3,47,22,46,10,9
683,31,8,23,17,41,8,6
680,30,8,28,17,39,9,6
679,33,8,32,18,40,8,6
825,30,2,16,29,37,7,5
817,35,6,16,17,28,4,2
814,33,5,20,14,32,4,2
1599,33,6,18,19,32,5,3
1600,35,6,14,16,30,4,2
687,25,8,20,20,41,9,5
685,31,8,19,18,37,8,5
688,26,9,23,18,39,9,4
684,30,8,23,13,36,8,4
674,41,6,37,18,43,9,8
673,36,7,30,25,49,9,10
668,41,3,41,27,50,9,11
670,41,3,33,29,60,10,12
667,46,2,49,23,46,10,9
2154,30,3,30,17,20,4,5
2153,31,3,30,18,21,4,5
2152,31,3,31,19,25,4,7
2141,28,4,32,23,25,4,7
2104,52,5,49,36,34,8,11
2106,54,5,51,39,48,8,17
1587,49,3,51,29,39,7,15
2105,53,3,55,39,50,8,19
1578,54,4,58,40,56,8,21
1580,49,4,50,30,26,9,6
2108,55,5,51,35,50,7,19
1577,59,3,61,42,66,7,25
1576,63,3,57,37,45,7,16
1579,55,4,54,36,43,7,15
1586,46,5,48,26,22,6,6
1570,62,3,58,37,48,8,18
1565,74,2,60,36,55,8,19
1566,79,3,64,46,101,11,34
1568,75,4,58,44,73,7,24
1569,68,3,59,41,66,6,20
1489,103,2,64,36,86,13,29
1564,68,2,55,34,54,11,10
1592,32,6,34,22,24,7,5
1588,40,5,37,26,23,7,7
2103,46,4,44,29,28,6,6
1589,37,5,35,22,24,8,3
1571,60,4,54,37,46,10,10
1563,67,3,53,25,41,11,6
1572,53,2,52,27,37,10,5
1485,187,3,65,68,251,16,79
598,43,1,41,53,71,9,6
592,43,1,41,50,61,9,6
583,45,1,39,41,62,8,11
590,43,1,41,48,85,10,12
599,47,2,41,51,98,11,13
584,47,1,44,41,76,6,12
585,48,1,44,40,87,9,13
588,53,1,48,41,99,13,16
600,51,2,49,44,95,11,13
589,48,1,47,45,84,8,12
574,48,1,40,33,64,7,12
571,41,2,40,30,62,9,11
573,46,1,42,34,74,8,13
483,53,3,34,25,30,9,5
477,56,4,31,26,28,9,5
479,47,5,34,19,30,10,4
481,47,5,35,20,27,8,4
482,48,5,36,31,30,9,5
612,48,2,51,44,88,11,14
603,53,2,47,40,94,12,14
604,43,1,41,45,75,10,11
602,80,2,48,33,139,14,25
613,64,2,50,43,102,13,15
616,64,1,48,42,99,9,16
601,78,2,41,35,130,13,23
587,71,1,39,32,128,11,21
586,57,1,44,37,109,10,18
1279,43,1,44,33,88,11,15
572,40,1,42,30,73,9,13
484,46,2,39,30,43,11,8
1155,39,2,42,15,40,10,8
1164,40,1,41,21,61,8,12
480,42,5,36,19,30,8,5
474,44,5,35,18,28,11,5
475,49,4,31,21,29,11,5
1154,36,5,39,10,21,8,4
473,45,6,34,15,22,9,5
633,50,1,42,46,70,7,13
634,61,1,52,43,87,9,14
635,81,1,52,47,129,13,24
615,83,1,49,45,138,13,25
617,53,1,49,42,87,9,15
614,87,2,47,39,144,14,24
1292,74,1,37,24,124,10,21
1293,92,1,36,30,159,13,25
1302,101,2,40,36,239,15,37
1466,95,1,54,47,215,15,45
1291,83,1,38,25,188,13,27
1281,78,1,37,24,125,13,22
1294,101,1,37,31,239,14,39
1280,54,1,38,24,109,10,19
1165,50,1,41,20,90,11,17
1301,144,1,44,38,304,15,60
1290,95,1,33,29,254,13,43
1289,97,1,38,26,273,11,52
1284,89,1,36,15,198,11,31
1296,195,1,44,32,314,14,64
1283,86,1,33,28,197,13,30
1282,85,1,38,17,135,15,25
1163,64,1,39,13,107,12,20
1300,210,1,52,42,356,18,79
1288,102,1,43,28,284,12,59
1285,91,1,38,19,241,11,41
1297,199,1,49,39,333,16,75
1308,218,0,60,53,398,22,92
1306,216,1,52,50,379,21,82
610,43,1,44,45,69,9,9
620,42,1,42,51,73,6,12
611,49,1,46,44,82,10,15
618,48,1,45,41,70,8,14
619,47,1,47,51,75,8,13
631,43,2,34,50,71,7,12
632,46,1,39,49,77,6,12
639,52,1,43,46,69,6,13
642,48,1,38,42,67,8,13
643,45,1,34,46,74,8,14
640,56,1,45,43,68,7,11
641,49,1,43,41,69,8,14
648,51,1,45,41,76,10,13
575,46,1,37,29,47,7,8
554,53,1,30,27,28,9,6
555,52,1,33,31,31,10,6
556,52,2,35,32,31,10,6
576,46,2,36,33,38,8,6
568,43,2,35,29,41,7,8
570,42,2,41,31,45,7,9
569,44,2,38,29,42,7,8
567,44,2,35,30,31,6,4
559,44,2,34,36,37,9,6
560,46,2,34,29,31,8,5
557,44,2,40,34,36,10,7
486,42,2,41,31,42,10,8
485,44,3,39,30,35,10,5
558,42,2,37,31,40,10,8
1317,115,2,49,52,277,16,50
1312,116,2,49,43,288,15,53
1447,102,1,51,57,256,17,45
1465,112,1,53,52,272,17,51
1316,212,2,50,57,366,21,76
1315,223,0,54,59,394,24,87
1450,223,1,56,65,397,24,90
1449,214,1,54,61,377,21,79
1313,222,1,53,60,389,23,87
1309,218,1,54,50,377,21,82
1310,206,2,49,47,344,17,73
1311,116,2,46,40,264,16,46
1305,214,1,57,42,359,18,79
1304,199,2,48,41,323,14,68
1303,112,2,45,41,259,16,41
1464,211,1,53,58,353,19,73
1461,221,1,60,59,382,22,87
1460,220,1,56,64,396,23,89
1463,218,1,54,60,380,20,77
1314,227,0,57,60,399,24,91
1818,228,0,56,62,404,23,94
1451,222,0,61,64,393,23,93
1839,228,0,56,63,404,24,94
1838,226,0,57,63,401,23,95
1452,224,1,62,64,403,23,97
1819,227,0,61,62,408,23,97
1820,227,2,65,61,407,22,98
1453,222,1,65,61,404,23,100
1457,221,1,69,62,394,23,94
1459,222,1,59,59,382,21,90
1809,227,2,62,63,407,21,98
1808,228,2,62,64,407,22,97
1811,224,2,62,63,411,23,99
1821,223,2,63,64,411,24,100
1824,221,2,64,63,409,23,99
1802,225,2,59,64,407,23,97
1803,222,2,60,63,402,22,97
1804,222,2,61,64,401,22,98
1822,222,2,62,64,407,22,98
1810,226,2,61,63,410,23,100
1800,223,2,64,63,401,22,97
1801,222,2,64,64,400,22,98
1793,223,2,62,64,398,22,98
1799,225,2,65,62,399,22,97
1807,226,2,64,63,406,23,99
1806,227,2,66,62,405,22,99
1751,223,2,65,62,399,22,98
1755,223,2,63,63,397,22,98
1756,222,2,63,63,400,23,100
1750,223,2,66,62,400,22,97
1749,223,2,66,60,398,22,96
1845,224,2,65,59,400,23,97
1752,223,2,66,62,398,22,99
1748,224,2,66,61,400,22,98
1747,224,2,66,60,402,22,97
1726,222,2,65,61,399,22,98
1753,223,2,65,62,404,24,99
1757,222,2,64,63,404,24,100
1794,224,2,64,64,402,23,100
1746,225,2,66,59,398,22,96
1725,224,2,64,61,398,22,97
1448,190,1,52,56,301,15,60
1295,106,1,40,34,291,13,54
1458,220,2,63,57,387,22,93
1826,220,2,64,65,400,23,100
1825,221,2,64,63,400,22,99
1830,224,2,63,64,402,23,102
1823,221,2,62,63,401,22,98
1796,222,2,62,64,399,22,99
1797,223,2,63,64,399,23,100
1798,224,2,63,65,403,23,102
1791,224,2,63,64,407,24,103
1827,223,2,64,64,405,24,102
1828,223,2,65,63,406,24,103
1789,223,2,65,64,405,24,103
1795,224,2,64,65,406,24,101
1763,221,2,65,63,406,24,102
1740,227,1,60,53,401,22,93
1307,210,1,55,51,385,21,89
1735,226,1,59,49,399,20,96
1741,228,1,62,51,404,20,98
1812,226,1,58,58,405,21,98
1733,226,1,59,49,398,21,96
1696,223,1,61,52,396,21,95
1695,219,1,61,55,395,21,96
1736,226,1,62,49,398,21,97
1742,226,1,63,52,406,20,98
1744,223,1,63,55,406,21,98
1700,224,1,63,54,395,21,94
1703,224,1,62,54,395,21,97
1727,224,1,63,53,398,21,97
1844,225,2,65,58,399,22,97
1743,227,1,63,54,397,21,98
1737,227,1,62,51,395,21,96
1745,226,1,64,56,407,21,98
1843,226,2,66,57,405,22,97
1814,227,1,63,58,407,21,98
1841,226,2,66,57,399,22,97
1840,227,1,65,56,397,22,97
1731,226,2,63,56,396,21,96
1842,226,2,68,58,398,23,97
1730,227,1,63,54,396,21,97
1805,226,2,64,59,405,21,97
1817,229,1,62,62,406,22,98
1815,228,1,59,59,405,22,98
1816,228,1,63,62,406,22,98
1813,227,1,63,58,405,21,98
1734,226,1,61,51,395,21,97
1728,224,2,64,56,395,21,95
1704,225,1,64,54,395,20,94
1705,224,2,64,56,396,21,95
1732,226,2,64,59,399,21,96
1729,225,2,64,56,395,21,95
1721,225,2,64,57,397,21,96
1724,226,2,65,60,398,22,96
1156,37,2,39,12,38,6,8
1153,30,1,36,4,18,3,4
1131,28,6,38,11,11,9,4
2196,36,2,17,28,55,8,11
2185,31,2,17,26,59,8,11
2217,33,2,13,38,67,9,15
2226,37,2,14,39,70,9,16
2178,36,6,39,31,44,8,15
2133,34,6,40,29,43,7,13
2272,32,10,26,43,104,17,26
2184,35,1,19,19,52,7,10
2186,31,2,26,16,32,9,8
2182,35,3,31,20,37,9,16
2216,36,1,18,30,61,7,13
2194,29,2,22,14,30,9,7
2188,32,2,32,16,36,8,10
2187,31,3,33,17,31,8,10
2181,30,3,36,27,40,8,13
2215,35,2,18,27,56,6,9
2183,34,2,29,28,57,9,16
2177,34,3,36,33,70,12,20
2175,34,4,37,41,91,15,20
2176,34,6,29,35,67,10,19
2207,36,1,24,31,68,8,16
2174,31,4,41,47,87,12,26
2173,34,6,36,39,64,9,20
1681,33,7,26,42,104,17,26
2271,32,6,22,42,106,14,21
1669,34,9,26,46,110,17,25
1670,34,10,30,50,111,18,25
1673,35,11,23,48,119,17,23
1676,35,8,34,42,95,14,23
1686,33,7,28,34,68,8,17
1693,34,5,28,35,72,8,17
1675,32,5,37,46,107,15,24
1680,36,8,28,45,112,18,27
1668,33,7,27,45,113,18,26
1667,34,7,31,52,122,19,27
1677,34,8,31,43,102,16,21
1684,35,8,28,43,99,15,23
1687,34,8,28,35,76,8,16
1682,35,6,27,42,104,17,24
1688,37,6,27,38,87,9,16
2209,32,3,22,38,70,6,15
1661,33,6,37,45,106,15,28
1656,38,4,38,52,125,22,32
1660,32,5,38,48,104,17,26
1659,31,4,46,43,92,15,27
1679,34,8,28,48,123,19,27
1664,34,8,32,52,128,21,28
1663,36,8,37,53,133,21,32
1666,34,8,30,50,127,19,27
1678,34,8,33,46,125,20,26
1871,38,5,37,51,114,21,29
1657,38,9,37,54,129,22,27
1665,33,9,32,58,128,21,28
1650,41,5,54,50,116,21,40
1649,43,4,49,58,122,22,37
1648,45,5,45,60,128,23,32
1646,44,4,57,49,128,19,43
1647,47,5,54,58,131,23,41
1557,49,4,59,49,113,20,29
1556,53,3,62,48,118,18,39
1555,56,3,63,50,123,17,39
1558,49,4,54,51,118,21,32
1560,48,4,47,61,127,23,31
2192,30,1,25,14,30,9,7
1643,33,4,47,44,99,14,28
2111,33,5,44,50,92,10,28
1642,40,5,48,46,105,15,31
1658,38,4,49,50,107,15,33
1655,39,5,46,52,112,16,34
1633,50,7,52,40,85,8,27
1652,44,4,55,51,117,18,39
1653,40,5,51,52,116,18,40
1870,40,5,46,48,114,16,32
1630,49,5,49,49,103,15,33
1629,44,5,53,52,108,16,36
1654,39,4,53,52,111,16,36
1641,40,6,48,43,97,10,32
1632,49,6,48,41,89,10,30
1617,66,6,51,43,102,10,30
1628,61,6,50,43,98,12,33
1631,49,6,48,45,100,10,33
1640,47,6,52,42,80,8,27
1626,46,6,53,50,114,17,38
1625,51,5,53,50,119,18,41
1651,44,4,56,55,127,19,44
1627,56,6,53,49,110,17,38
1624,61,5,54,42,118,16,40
1623,66,5,56,48,140,15,46
1618,74,5,58,46,126,14,41
1622,56,5,65,47,125,17,45
1644,51,4,61,50,120,18,46
1621,61,4,63,56,161,21,54
2113,44,7,48,39,72,8,21
2112,37,6,42,42,85,9,24
1645,52,4,60,43,124,17,43
1562,53,3,62,45,126,19,44
1868,59,2,63,57,152,20,55
2227,35,4,13,37,73,5,13
1689,33,6,25,41,102,12,20
1690,34,6,21,35,87,5,15
2251,31,6,15,33,67,3,10
2250,32,6,20,37,77,5,13
2223,33,3,13,37,72,5,13
2222,33,3,13,38,74,5,13
2265,32,3,13,37,73,5,13
2218,37,2,16,38,70,8,13
2208,34,1,23,37,68,7,15
2210,33,1,18,35,68,5,12
2214,32,2,15,33,60,4,12
1691,34,6,21,35,79,6,16
2249,32,5,21,38,75,6,15
2253,32,6,18,37,75,5,13
2254,33,5,21,37,75,5,13
2252,32,6,18,35,73,5,12
2256,35,4,15,27,56,4,8
2255,33,4,17,35,69,5,11
2212,31,3,12,32,61,3,11
2264,33,3,13,33,67,4,12
2219,31,3,15,35,70,5,12
2258,33,3,12,30,59,3,11
2221,33,3,14,35,71,5,12
2220,32,4,15,35,70,5,12
2224,33,3,13,35,71,5,12
2211,33,2,17,35,61,5,10
2247,34,4,21,38,73,6,15
1692,35,5,23,35,72,7,16
2248,32,5,21,38,72,6,15
2257,34,3,12,32,60,3,11
2225,32,3,15,35,70,5,12
2213,31,3,13,32,65,4,11
1685,34,8,30,40,81,12,19
1683,35,8,26,44,116,18,25
2261,29,3,10,35,67,2,12
2267,33,2,10,36,69,4,13
2268,31,2,10,36,69,3,12
2269,29,3,8,33,58,4,9
2263,33,3,13,33,67,3,12
2262,30,3,12,32,65,3,12
1672,32,13,28,46,111,17,20
1881,34,12,35,48,105,17,23
1671,29,13,31,46,112,16,21
1882,29,14,31,53,110,16,19
1880,33,9,37,52,124,20,26
1877,31,14,32,51,107,15,20
1876,34,14,37,56,113,17,22
1878,40,12,36,55,120,18,27
1872,39,9,42,57,132,20,30
1879,40,9,39,55,129,23,31
1873,47,7,44,51,117,19,25
1874,45,11,40,50,121,19,24
1561,42,10,41,56,131,23,32
1550,47,5,50,46,92,20,22
1551,53,5,53,57,88,19,23
1552,48,4,52,53,103,21,28
1662,34,8,33,53,132,21,32
1554,49,3,60,52,120,19,34
1402,47,0,14,11,21,0,3
1399,22,0,9,7,11,0,1
1400,17,0,10,5,9,0,1
1191,45,0,17,10,23,0,2
1180,25,0,10,1,1,0,0
1186,26,0,13,6,8,0,1
1181,24,0,9,2,6,0,0
1187,23,0,7,8,10,0,1
1179,22,0,7,2,6,0,0
1178,20,0,6,2,7,0,0
1188,28,0,10,8,11,0,1
1192,38,0,19,10,23,0,2
1190,31,0,19,10,13,0,1
1189,29,0,15,10,12,0,1
1194,54,1,24,10,32,0,4
1193,53,0,22,10,30,0,2
1375,55,1,24,21,38,0,4
1177,19,0,7,1,1,0,0
1195,41,0,23,10,27,0,3
1196,40,0,29,8,17,1,4
1183,28,0,12,3,3,0,0
1185,31,0,18,8,9,0,1
1374,66,1,30,15,39,1,5
1324,50,1,35,16,43,2,10
1323,56,1,37,14,44,2,10
1325,48,1,35,17,59,2,12
1373,53,1,37,16,43,1,6
1378,69,1,35,24,56,4,8
1381,68,1,45,31,65,4,15
1382,67,1,38,26,54,3,8
1380,66,1,54,40,104,7,25
1377,64,1,29,25,43,3,4
1379,65,1,38,25,68,3,16
1184,30,0,17,5,4,1,0
1322,71,1,38,18,122,5,18
1386,72,1,53,38,90,6,21
1388,71,1,61,46,139,10,35
1387,69,1,57,48,141,8,33
1340,142,1,59,51,219,13,52
1393,89,1,66,54,156,13,45
1389,73,1,59,39,83,6,21
1354,195,2,68,70,339,19,85
1385,68,1,43,33,76,6,16
1390,72,1,47,40,83,6,18
1352,200,1,63,64,359,20,90
1353,173,1,61,59,300,17,71
1394,94,2,69,54,156,14,45
1392,84,1,59,46,100,9,26
1395,104,2,70,56,158,14,47
1396,111,2,69,58,161,17,47
1529,175,2,76,66,202,18,60
1496,182,2,75,75,308,19,88
1530,173,2,76,67,201,17,64
1497,174,2,81,74,289,19,88
1327,72,1,45,41,206,8,45
1328,165,1,47,45,295,10,64
1338,159,1,49,51,289,11,63
1339,76,1,49,44,166,11,40
1337,188,1,53,51,326,16,81
1326,57,1,41,36,120,5,21
1341,180,1,58,56,328,15,78
1366,194,2,74,70,355,19,89
1365,212,2,69,66,384,23,98
1355,208,2,71,62,387,23,97
1351,202,2,65,60,386,22,96
1357,215,2,73,62,394,23,99
1356,211,2,66,59,391,23,97
1350,209,1,64,59,388,22,96
1364,216,2,71,64,391,23,100
1370,218,2,71,69,393,23,100
1368,193,2,75,74,357,22,92
1367,188,2,75,77,330,19,88
1369,212,2,72,70,381,22,98
1495,188,2,75,76,364,22,97
1358,217,2,70,63,399,23,100
1349,216,2,65,59,394,22,98
1498,179,2,78,78,365,21,98
1499,201,2,74,69,361,23,99
1494,211,2,72,71,374,23,100
1509,167,2,64,70,290,19,94
1371,217,2,73,70,383,22,99
1372,224,2,74,70,395,24,102
1363,222,2,73,64,396,23,100
1493,222,2,68,71,388,22,100
1492,226,2,71,68,398,23,101
1831,221,2,72,70,390,24,101
1500,218,2,69,70,379,24,101
1503,221,2,69,72,391,21,102
1501,227,2,70,69,397,23,102
1835,226,2,69,68,398,23,102
1502,223,2,67,69,402,23,104
1836,227,2,66,69,394,23,102
1513,202,3,68,69,362,21,96
1512,216,2,71,72,385,22,101
1773,222,2,72,65,401,24,101
1769,222,2,69,63,405,24,102
1768,223,2,69,64,406,24,101
1774,223,2,71,63,396,24,101
1783,223,2,69,65,398,24,102
1780,222,2,70,62,398,24,100
1772,223,2,69,63,406,24,101
1771,224,2,68,63,405,24,102
1777,223,2,72,62,405,24,101
1776,222,2,68,63,405,24,103
1782,223,2,67,65,400,24,101
1344,200,1,63,57,369,20,89
1342,193,1,58,57,370,19,92
1343,205,1,63,57,373,20,93
1508,160,2,68,71,261,20,86
1182,28,0,17,4,4,1,0
1124,34,0,29,8,6,1,0
1139,34,0,30,8,6,1,0
1140,31,0,24,8,6,1,0
1135,28,0,38,8,8,3,0
1142,37,0,29,8,20,2,7
1376,57,1,30,25,42,3,4
1434,59,1,34,34,57,3,4
1433,61,1,33,34,52,4,4
1383,63,1,33,26,48,4,4
1444,71,3,49,44,78,6,13
1384,62,1,38,31,57,4,8
1445,65,2,45,37,70,7,15
1391,73,2,57,45,90,7,21
1523,71,2,50,45,86,8,18
1398,78,2,58,56,95,8,25
1397,85,1,58,49,99,9,29
1403,53,0,18,7,26,0,2
2,0,0,0,0,0,0,0
3,0,0,0,0,0,0,0
5,0,0,0,0,0,0,0
12,1,0,0,0,0,0,0
10,0,0,0,0,0,0,0
11,0,0,0,0,0,0,0
9,0,0,0,0,0,0,0
6,0,0,0,0,0,0,0
4,0,0,0,0,0,0,0
1,0,0,0,0,0,0,0
13,0,0,0,0,10,2,3
16,0,0,0,0,0,0,0
15,1,0,1,0,0,0,0
21,0,0,0,0,0,0,0
107,8,5,8,2,3,3,0
108,7,2,5,2,0,1,0
102,3,0,1,0,0,1,0
7,0,0,0,0,0,0,0
8,7,0,6,0,6,1,2
335,19,0,18,7,48,6,15
159,14,5,11,2,3,3,0
157,12,2,8,2,1,1,0
158,14,2,10,2,3,1,1
156,8,2,4,0,0,1,0
25,0,1,0,0,0,0,0
24,0,1,0,0,0,0,0
35,2,1,0,0,2,0,1
36,8,1,6,0,6,1,2
26,3,2,4,2,8,1,2
160,16,5,12,2,3,3,0
166,17,4,12,5,11,4,2
167,17,2,12,5,18,2,2
169,14,2,10,0,2,1,2
2793,10,1,5,0,0,2,0
2792,8,0,4,0,0,1,0
200,10,2,9,2,8,1,2
33,6,4,7,2,8,1,2
38,9,4,8,1,8,1,2
34,5,4,6,2,8,1,2
178,18,2,11,3,18,2,3
177,27,2,16,5,19,2,3
181,30,2,18,5,19,2,3
180,25,2,15,3,19,2,3
194,23,2,14,3,19,2,3
179,20,2,7,3,18,2,3
183,31,4,17,5,21,3,3
175,31,4,17,5,21,3,3
171,24,4,15,5,21,4,3
170,25,2,16,5,19,2,3
165,20,4,13,5,20,4,2
168,15,2,13,3,15,2,2
2737,9,1,4,0,0,1,1
2736,3,0,2,0,0,1,1
2735,9,1,4,0,0,2,0
2730,0,0,0,0,0,0,0
2734,3,0,3,0,0,1,0
2794,6,1,4,0,0,1,1
2739,6,1,4,0,0,1,1
27,12,1,8,1,1,0,1
199,12,0,9,4,18,1,3
32,4,4,8,2,8,1,2
23,4,1,4,1,0,0,1
40,6,4,8,2,8,1,2
191,26,2,17,3,19,2,3
198,23,2,14,3,19,1,3
193,24,2,15,3,19,2,3
28,16,0,10,4,18,1,3
197,20,2,10,4,18,1,3
190,26,2,15,3,19,1,3
182,31,4,17,5,21,4,3
186,28,5,14,5,21,4,3
187,27,3,15,5,21,3,3
143,12,2,9,3,18,1,2
148,6,1,4,3,5,0,1
142,8,1,6,0,3,2,0
149,4,0,2,0,0,0,0
151,4,0,5,1,1,0,1
2729,1,1,0,0,0,0,0
147,18,0,7,3,18,1,3
2731,3,0,0,0,0,0,0
2732,1,0,0,0,0,0,1
2733,0,0,2,0,0,0,1
445,27,4,13,9,10,5,5
426,9,3,6,0,1,0,0
447,0,1,2,0,0,0,0
2638,12,5,4,2,11,0,1
417,25,5,6,4,14,2,6
425,35,6,10,6,24,2,9
2637,19,5,5,6,13,2,7
427,23,4,9,4,4,2,4
418,31,6,8,6,22,2,8
419,45,6,9,6,24,2,9
2650,38,6,8,5,16,1,6
2639,25,5,5,2,14,0,4
416,4,1,2,0,0,0,1
281,23,7,7,8,30,0,6
282,30,6,10,8,32,0,7
2646,39,9,7,7,31,0,9
2643,30,7,8,8,33,0,8
2642,31,7,7,7,23,0,5
29,13,0,8,4,15,1,2
31,6,3,6,2,7,1,2
42,4,3,8,2,8,1,2
152,16,0,6,4,17,1,2
146,18,0,7,4,18,1,3
189,24,2,13,3,19,1,3
145,21,1,15,3,19,1,3
144,21,2,11,3,18,1,2
153,1,0,4,0,0,0,0
41,6,4,9,2,8,1,2
429,34,4,9,7,16,2,8
430,35,7,11,7,17,2,8
442,36,6,14,14,20,8,11
428,30,5,7,5,15,2,8
2649,39,9,8,2,16,0,4
2648,34,6,7,2,15,0,4
2651,51,7,8,7,32,3,10
2653,53,7,11,6,36,3,9
2652,50,7,10,7,34,3,10
2647,36,8,6,2,15,0,4
2641,26,7,5,6,20,0,4
2645,40,8,12,17,33,1,11
2644,42,6,14,15,35,1,10
271,46,8,11,9,27,2,9
2655,44,7,9,2,16,0,4
270,41,7,15,23,41,3,13
269,34,6,12,15,32,1,10
274,33,6,11,13,35,1,9
275,25,6,10,13,31,1,9
268,23,6,9,13,31,1,9
258,45,5,13,24,51,3,15
259,37,7,10,16,32,1,10
260,22,3,11,13,31,1,9
237,31,4,11,13,26,1,10
257,43,7,11,22,52,4,15
45,4,0,1,0,0,0,0
46,4,3,8,2,8,1,2
47,6,3,7,2,8,1,2
48,6,3,8,2,8,1,2
243,39,6,10,22,46,4,17
242,39,6,12,23,51,4,16
240,38,6,12,23,47,4,17
244,35,6,10,20,37,4,16
241,37,5,12,20,31,2,11
239,37,6,12,23,40,4,14
227,34,6,12,23,49,4,17
256,43,6,11,16,43,4,12
225,35,5,10,18,39,4,15
226,35,6,12,22,48,4,17
211,32,3,9,17,36,4,14
208,34,5,11,18,41,4,16
63,17,3,1,1,9,1,3
62,8,3,7,2,12,1,3
71,9,4,13,2,15,1,3
210,31,3,9,17,36,4,14
207,32,3,10,14,32,3,12
212,32,3,8,17,36,4,14
223,31,3,9,17,36,4,14
224,33,5,10,17,36,4,14
87,21,3,2,4,17,2,6
95,26,3,8,17,34,4,14
96,23,3,7,7,14,2,5
86,13,4,3,1,5,1,2
97,27,3,9,10,30,3,12
206,24,3,12,7,18,1,7
85,16,4,6,2,5,0,1
70,11,5,9,1,4,0,1
408,0,0,0,0,0,0,0
322,2,0,2,0,0,0,0
333,1,0,0,0,0,0,0
334,0,0,0,0,0,0,0
303,26,0,19,32,63,8,42
323,9,0,11,3,2,1,4
277,6,1,3,5,10,0,2
415,0,0,0,0,0,0,0
304,31,0,25,41,86,8,50
55,19,0,17,7,21,5,8
336,17,0,16,8,49,6,16
339,23,0,19,18,70,7,23
264,20,0,18,10,13,3,8
265,13,2,12,12,16,2,10
235,17,3,10,11,23,1,8
316,21,1,21,17,16,5,17
332,21,0,18,21,15,5,23
330,24,1,20,18,14,5,20
321,27,0,20,37,40,7,37
320,31,0,25,42,87,8,51
319,34,1,30,42,94,10,54
77,30,1,24,20,78,7,31
78,30,0,22,33,93,8,45
406,33,0,26,33,93,8,47
266,22,3,10,9,25,0,7
263,22,3,11,10,25,0,8
236,29,6,12,14,27,1,10
234,19,4,13,11,25,1,8
233,19,4,14,12,18,1,7
232,24,2,20,14,22,2,11
315,25,1,23,18,20,5,18
329,27,1,22,37,50,7,38
328,31,1,23,41,62,7,43
317,35,1,29,43,96,9,53
326,30,1,23,40,58,7,42
331,26,1,21,32,36,6,36
324,30,1,23,39,56,7,42
325,33,1,27,43,92,9,53
318,37,1,34,46,96,10,54
305,36,1,32,47,94,10,54
307,40,1,33,47,98,12,55
327,33,1,26,42,81,8,49
302,40,1,33,46,97,12,55
311,37,1,28,44,89,9,50
309,41,1,36,47,99,12,55
79,37,1,29,41,100,11,51
76,29,2,27,20,82,8,26
347,37,1,29,41,99,11,50
352,39,1,31,44,102,12,53
346,31,0,28,39,99,11,50
340,27,0,21,33,89,8,45
338,24,0,19,19,73,7,25
299,43,1,38,47,99,12,55
300,43,1,36,47,99,12,55
297,43,1,37,47,99,12,55
308,41,1,34,47,99,12,55
289,44,1,36,47,99,13,55
296,41,1,36,47,99,12,55
310,38,1,34,47,98,11,53
298,45,1,38,47,99,12,55
290,45,1,38,47,100,13,55
291,45,1,41,47,100,13,55
355,40,1,32,44,103,12,53
363,40,1,34,45,105,13,55
382,40,1,35,46,105,13,57
364,39,1,32,45,103,12,53
383,44,1,38,47,102,13,55
380,39,1,34,46,105,13,57
365,40,1,31,44,102,12,53
238,33,6,12,20,34,3,12
393,44,1,38,47,100,13,55
384,41,1,39,47,104,13,57
391,44,1,37,47,100,13,55
392,44,1,38,47,100,13,55
400,17,0,15,29,66,6,38
343,29,0,23,33,89,8,46
348,30,0,23,39,94,11,49
370,34,0,26,40,95,11,49
344,30,0,24,36,91,9,48
350,37,0,28,40,98,11,50
345,30,0,24,38,92,10,49
368,37,0,28,40,96,11,49
349,35,0,26,40,95,11,49
342,27,0,21,33,89,8,45
351,37,1,30,43,99,12,52
366,41,1,31,45,102,12,53
341,27,0,19,32,89,8,44
398,35,0,28,41,93,12,47
401,32,0,28,42,91,12,50
399,37,0,31,44,91,12,51
372,38,0,31,41,94,12,49
371,34,0,26,40,95,11,49
374,39,0,33,45,102,13,56
397,39,0,33,45,100,13,54
373,38,0,30,43,99,12,52
369,38,0,29,41,97,11,50
287,42,0,37,45,98,13,55
402,40,0,36,45,98,13,55
301,41,1,34,47,97,12,55
306,40,1,34,47,98,12,55
405,44,1,38,47,100,13,55
367,40,0,30,43,101,12,53
375,38,0,33,44,102,13,54
376,39,0,34,45,102,13,56
288,44,1,35,47,99,13,55
403,43,1,36,46,98,13,55
404,44,1,38,47,100,13,55
395,43,1,35,47,102,13,55
396,40,1,35,46,102,13,57
379,40,1,35,46,104,13,57
378,39,1,34,46,103,13,56
377,40,1,34,46,102,13,56
394,43,1,37,47,101,13,55
381,41,1,37,47,104,13,57
353,41,1,31,44,102,12,53
354,40,1,31,44,103,12,53
337,20,0,18,16,69,7,23
448,4,1,2,0,0,0,0
286,9,2,3,4,11,0,1
279,19,6,6,8,19,0,4
284,15,7,5,7,20,0,3
278,25,6,8,8,28,0,7
267,24,6,9,10,28,0,8
283,15,7,4,4,17,0,1
280,22,7,6,8,21,0,4
261,22,4,10,13,31,1,9
262,22,3,10,13,31,1,9
285,12,5,4,6,14,0,2
276,21,4,8,8,28,0,7
2640,23,7,6,3,15,0,3
75,24,4,25,17,62,6,19
357,38,1,33,44,104,12,53
39,6,4,7,2,8,1,2
230,24,5,14,14,31,1,10
229,28,6,14,12,28,1,9
228,33,6,15,15,31,2,10
231,19,1,20,14,27,3,11
74,19,4,16,10,31,4,9
56,16,4,13,9,27,4,7
80,35,4,25,27,75,9,33
54,17,4,14,5,20,5,5
359,39,1,34,44,101,12,51
49,6,3,7,2,8,1,2
58,8,3,8,1,9,1,2
50,6,4,7,2,8,1,2
57,13,3,8,2,14,2,3
52,12,4,8,1,8,1,2
51,7,4,8,1,8,1,2
205,13,2,12,6,11,1,5
209,27,4,13,11,26,1,9
73,13,4,12,2,16,2,3
81,24,4,20,21,54,6,18
53,14,3,10,5,14,3,3
82,37,4,24,29,70,7,31
60,7,3,8,1,8,1,2
61,10,3,11,1,12,1,2
59,9,3,8,1,10,1,2
83,11,4,14,4,12,1,4
84,11,6,7,2,6,0,1
98,8,2,13,5,13,1,4
72,11,4,14,2,15,1,3
314,27,1,24,27,46,6,25
313,34,1,27,40,65,8,41
358,40,1,35,44,103,12,53
204,21,1,18,18,35,4,17
202,34,1,31,33,55,8,33
294,40,1,38,47,101,11,54
312,36,1,29,41,71,8,46
293,43,1,38,47,101,12,55
292,46,1,39,47,99,12,55
295,44,1,38,47,99,12,55
360,39,1,30,45,101,12,52
203,20,1,17,16,39,4,15
201,35,1,28,35,62,9,37
100,37,1,26,32,63,8,32
101,36,1,26,35,60,9,36
387,40,1,32,47,101,12,55
388,41,1,35,47,101,12,55
389,44,1,37,47,99,12,55
390,44,1,39,47,100,13,55
386,43,1,36,47,100,13,55
362,42,1,36,47,105,13,57
361,42,1,35,46,100,12,53
356,40,1,35,44,103,12,53
385,41,1,37,47,100,13,55
99,25,2,18,25,50,6,19
37,9,2,10,1,13,1,4
30,6,0,6,1,0,0,0
14,0,0,0,0,0,0,0
18,1,0,1,0,0,0,0
20,1,0,1,0,0,0,0
17,0,0,1,0,0,0,0
22,0,0,0,0,0,0,0
19,1,0,1,0,0,0,0
195,19,2,6,3,18,1,3
176,29,2,16,5,19,2,3
196,19,1,9,4,18,1,3
192,24,2,16,3,19,1,3
2738,4,0,3,0,0,0,1
2748,3,0,1,0,0,0,1
2749,2,0,1,0,0,0,1
2746,6,0,1,0,1,0,1
2743,8,0,1,0,1,0,1
2745,2,0,0,0,1,0,1
2764,0,0,2,0,0,0,0
883,10,1,1,0,2,1,1
876,2,0,1,0,0,0,0
2750,4,0,1,0,0,0,1
2752,2,0,1,0,0,0,1
2747,13,0,2,0,1,0,1
2751,4,0,3,0,0,0,1
2753,3,0,3,0,0,0,1
2744,16,0,1,0,1,0,0
2763,0,0,2,2,3,0,0
847,4,0,3,2,3,0,0
850,10,1,2,2,11,1,1
851,9,2,3,3,10,0,1
846,5,0,5,2,9,0,0
848,4,0,2,2,3,0,0
884,15,1,2,0,2,1,1
849,11,1,2,2,5,1,1
2760,10,0,3,2,3,0,0
2761,17,0,4,2,4,0,0
2759,14,0,5,0,1,0,0
2756,22,0,3,0,1,0,0
2716,7,0,5,2,3,0,0
2712,9,0,5,2,3,0,0
2713,12,0,4,2,3,0,0
2715,10,0,4,2,3,0,0
2718,8,0,4,2,3,0,0
2709,15,0,4,2,9,0,0
859,18,4,3,3,17,1,4
857,18,5,4,3,15,0,2
852,14,0,4,3,10,0,1
860,20,5,3,3,15,1,3
861,21,5,3,3,13,1,3
862,17,1,4,2,4,1,1
885,20,1,3,1,3,1,1
863,27,4,3,1,4,1,1
254,49,8,7,11,18,2,6
255,45,6,10,16,38,4,12
245,39,5,8,17,36,4,14
252,41,5,10,17,36,4,12
253,40,8,7,15,35,3,11
2714,15,0,4,2,3,0,0
2762,17,0,4,2,3,0,0
2758,19,0,3,1,3,0,0
2706,15,0,4,2,9,0,0
2710,12,0,5,2,6,0,0
844,15,0,4,2,9,0,0
2708,14,0,4,2,9,0,0
2711,5,0,5,2,3,0,0
845,8,0,5,2,9,0,0
2705,17,0,3,2,9,0,0
2704,22,1,4,3,13,0,1
2703,26,5,5,4,16,0,2
855,22,8,6,4,16,0,2
2702,29,9,7,4,16,0,2
2667,70,9,8,5,24,2,2
251,50,8,8,11,19,2,6
272,56,11,8,12,19,2,4
249,41,7,6,12,22,3,7
2677,44,8,7,10,19,2,7
250,53,8,8,9,22,2,6
2668,70,9,8,2,21,1,2
248,35,6,4,15,26,4,8
247,33,4,7,16,34,4,13
218,32,0,6,11,22,3,8
217,33,2,7,12,23,3,8
246,39,3,8,17,36,4,14
853,34,6,5,4,16,0,2
2701,25,4,4,4,16,0,2
2700,24,4,3,4,16,0,2
856,37,10,9,4,16,0,3
858,27,6,6,4,18,1,4
854,46,10,8,4,17,0,2
864,47,10,7,7,29,1,4
898,38,7,8,6,30,2,4
2678,45,7,8,9,24,2,5
2680,35,6,4,1,12,0,1
2681,44,6,6,2,13,0,2
2679,55,8,8,2,14,0,2
2683,68,8,7,3,27,1,4
865,54,11,8,7,30,2,5
869,60,11,12,7,30,2,5
900,61,8,14,12,33,4,5
867,59,12,7,8,35,1,4
899,55,9,10,7,31,2,4
2686,57,12,7,7,31,1,4
870,68,11,17,13,40,4,5
871,69,8,18,19,41,4,6
873,76,10,16,14,44,3,8
872,72,13,14,9,43,2,6
1008,73,7,18,17,35,4,6
1007,71,6,17,15,41,5,6
1009,62,6,18,18,41,5,6
1027,70,7,22,19,38,6,7
1026,67,7,22,19,37,6,6
1044,74,7,20,19,43,6,7
1043,76,7,21,14,46,5,8
1109,41,1,46,15,19,5,3
1057,44,1,45,15,20,6,3
1076,43,3,46,17,24,8,4
1075,41,4,44,17,24,9,4
1074,40,4,44,18,23,9,4
1110,41,0,45,15,19,5,3
1056,51,4,42,20,31,6,3
1059,46,5,42,18,23,8,4
1055,53,3,33,20,31,6,4
1054,55,5,27,20,38,7,5
1029,60,3,33,25,33,7,5
1060,47,5,35,22,39,9,5
1049,67,6,23,15,50,8,7
1028,63,7,29,18,33,6,5
1030,64,3,33,23,30,7,4
1047,59,4,31,19,30,7,5
1048,61,5,27,13,40,5,5
1045,72,7,25,19,36,6,6
423,53,7,13,10,31,5,10
424,44,5,11,7,29,3,9
2665,61,6,11,5,31,3,9
2657,54,7,8,5,34,2,9
422,63,8,16,14,38,6,12
433,55,7,17,14,38,6,12
434,59,9,18,14,33,6,13
436,61,7,18,16,35,8,13
453,53,8,24,16,23,8,12
437,60,8,16,17,37,8,13
421,71,8,14,14,38,6,13
2666,72,8,11,6,28,4,10
2663,64,7,9,6,36,3,9
420,84,8,9,11,30,5,13
454,47,7,30,16,21,11,10
455,41,6,34,16,22,10,10
1071,48,7,34,16,22,11,10
438,49,7,21,16,23,8,13
435,58,7,23,17,34,8,12
1037,91,9,13,8,36,3,10
1051,76,7,15,11,39,5,13
1052,64,8,16,13,39,5,13
2675,86,11,8,4,29,1,9
2676,81,11,10,7,30,3,12
2658,67,9,5,4,27,1,4
2669,83,10,8,2,22,1,6
2671,79,10,9,2,27,1,7
2660,71,9,6,3,32,1,4
1038,89,12,16,6,40,1,10
1039,85,7,19,9,43,4,10
1050,75,6,18,10,47,4,8
2673,90,12,9,3,32,1,9
2674,82,10,9,2,27,2,8
2691,93,12,11,6,42,1,10
2664,74,9,8,2,30,2,9
2662,71,10,7,1,33,1,6
2672,91,11,9,3,29,1,7
2670,84,9,9,2,23,1,6
1040,81,8,18,9,48,2,9
1041,82,7,23,11,50,3,7
1053,63,6,17,12,49,7,8
1063,47,5,31,19,46,8,7
1042,79,5,22,14,46,4,8
875,83,13,14,11,40,2,7
441,44,8,17,14,21,8,11
443,40,7,15,14,21,8,11
452,43,6,26,14,19,9,8
440,45,7,18,14,24,8,11
439,52,7,14,14,26,8,11
431,48,8,12,9,20,4,9
432,50,7,15,12,35,6,10
273,54,7,5,3,18,0,4
2654,50,7,6,3,18,0,5
2656,54,7,8,3,33,1,6
2661,64,9,8,3,35,1,6
2659,77,11,7,2,25,1,4
1068,45,9,23,15,33,7,11
1066,42,7,28,12,36,8,8
1067,43,7,37,20,33,7,6
1069,49,6,32,16,22,9,9
1065,42,5,37,18,24,9,5
1073,37,6,37,19,24,10,5
1064,41,5,35,20,26,8,6
1080,34,5,40,17,22,9,4
1081,32,6,39,20,18,10,5
1079,36,3,48,17,24,9,4
1082,38,6,36,14,15,9,6
1072,45,6,38,13,21,9,8
1061,44,5,38,21,32,8,5
1062,41,5,43,19,23,9,4
1058,47,5,41,22,31,7,5
1070,50,6,31,16,22,11,10
1078,35,2,47,17,24,8,4
1046,72,5,26,14,46,5,8
2687,82,11,11,4,31,1,4
2682,52,8,7,2,14,0,2
2685,57,12,6,5,30,0,3
866,52,10,7,4,24,0,4
2690,77,15,9,7,40,2,4
2693,84,13,12,8,37,2,6
2692,90,12,13,7,40,1,9
2684,64,10,7,4,31,1,4
2688,75,13,9,5,36,1,4
2689,66,14,6,6,38,2,5
2694,74,15,11,10,37,2,7
868,62,13,11,8,38,2,5
874,76,13,16,11,41,2,8
2741,10,0,1,0,1,0,0
154,7,0,2,0,1,0,0
2742,13,0,1,0,1,0,0
43,11,0,2,0,1,0,0
44,8,0,2,0,1,0,0
64,12,1,2,1,5,1,2
67,17,0,2,0,2,0,1
66,12,0,2,0,1,0,0
65,11,0,2,0,2,0,1
2754,24,0,3,0,1,0,0
69,15,1,2,0,13,1,3
88,24,3,2,2,17,1,7
2755,27,0,6,3,17,1,4
90,26,0,3,4,20,1,6
89,20,2,3,2,18,1,7
2695,27,3,5,9,16,2,5
2696,32,6,5,9,16,2,5
213,30,3,7,17,36,4,14
221,32,3,8,17,36,4,14
222,32,3,8,17,36,4,14
92,29,3,5,12,25,3,10
93,26,3,6,16,27,4,11
216,36,0,7,11,22,3,8
215,36,2,4,15,26,4,10
91,30,2,4,12,25,3,9
219,35,3,6,17,31,4,13
220,31,2,6,16,34,4,13
214,31,3,6,17,27,4,11
94,28,3,6,17,27,4,11
150,3,0,2,0,0,0,0
68,13,0,2,0,2,0,1
2757,22,0,4,0,1,0,0
2697,22,3,3,3,10,0,0
2698,27,6,4,1,15,0,1
2699,21,1,3,3,10,0,0
2707,14,0,4,2,7,0,0
909,37,2,2,5,6,1,1
908,48,3,5,7,8,3,2
892,28,2,2,1,4,1,1
894,41,5,3,7,8,3,2
893,36,3,3,6,6,2,1
895,38,5,4,9,15,3,3
886,28,2,3,1,4,1,1
896,34,5,6,11,18,4,3
906,54,5,7,10,10,3,2
907,57,5,9,10,11,4,2
1015,67,2,5,7,8,3,2
1013,61,5,10,10,11,4,2
1014,65,4,11,10,11,4,2
1011,61,5,14,14,22,4,3
905,62,5,12,12,22,4,3
1020,72,1,10,12,11,4,2
1035,72,0,17,13,15,5,1
1100,51,0,24,17,15,6,0
1036,64,0,21,14,19,6,0
1021,72,3,13,13,17,5,2
1022,73,4,14,15,24,6,2
1012,69,5,15,15,27,5,3
1025,66,7,25,17,30,6,4
1010,69,7,17,18,33,5,3
902,57,7,15,13,33,4,5
903,55,5,12,13,33,4,4
1024,70,6,24,17,32,7,3
1023,73,4,19,16,32,7,3
1034,65,0,25,15,22,6,1
1099,56,0,29,21,19,7,1
1105,55,0,33,18,16,6,1
1115,43,0,29,12,16,4,0
1103,44,0,28,11,11,4,0
1033,67,0,27,17,30,7,2
1032,62,0,29,21,25,7,2
1098,61,1,32,23,32,8,1
1031,65,1,31,22,30,7,2
1113,41,0,34,13,15,5,1
1111,48,0,37,13,15,5,1
1106,57,0,35,19,18,8,1
1097,55,3,39,20,30,6,3
1096,55,3,40,20,31,6,3
1112,39,0,37,13,16,5,1
1108,51,1,39,19,24,6,3
1107,58,0,36,16,18,6,1
1104,45,0,26,17,14,6,0
897,38,5,8,12,33,3,4
904,54,5,10,12,21,4,3
901,52,6,13,13,33,4,4
887,11,2,1,1,3,1,1
2799,0,0,2,0,0,0,0
2798,0,0,2,1,3,0,0
2797,5,0,3,0,0,1,1
2720,4,0,2,2,3,0,0
2722,1,0,1,1,3,0,0
2721,1,0,2,2,3,0,0
2719,4,0,4,2,3,0,0
2717,3,0,3,2,3,0,0
2785,0,0,2,0,0,0,0
105,7,3,2,2,2,2,0
106,10,3,8,2,3,3,0
2786,0,0,2,0,0,0,0
2723,0,0,2,0,0,0,0
2726,2,0,0,0,0,0,0
2790,2,0,2,0,0,1,0
2725,5,4,2,0,2,2,0
112,8,4,4,2,3,2,0
2727,2,0,0,0,0,1,0
111,10,4,10,2,3,2,0
131,10,4,9,2,3,2,0
121,9,4,11,2,3,2,0
114,10,4,11,2,3,2,0
113,9,4,6,2,3,2,0
132,9,4,9,0,3,2,0
130,15,5,12,2,3,2,0
129,16,5,12,2,4,2,0
122,15,5,12,2,3,3,0
174,26,6,14,5,21,4,3
184,28,5,14,5,21,4,3
119,19,6,12,2,3,3,0
123,20,6,12,3,5,3,0
127,22,6,13,5,20,4,2
134,18,5,13,5,20,3,2
125,23,6,14,5,20,4,2
133,13,4,9,0,3,2,0
124,20,6,13,5,17,4,1
128,20,5,13,5,11,3,1
120,15,5,11,2,3,3,0
173,26,6,14,5,21,4,3
172,23,6,14,5,21,4,3
185,28,5,14,5,21,4,3
164,21,6,13,4,9,3,1
137,25,6,13,5,21,4,3
118,19,6,13,2,4,3,0
135,17,4,13,5,20,3,2
141,13,2,12,3,20,3,2
155,18,5,13,5,11,2,1
140,21,2,13,3,21,2,2
139,25,4,13,5,21,4,3
138,22,5,13,5,21,4,2
136,22,6,13,5,20,4,2
188,26,3,15,3,19,1,3
126,24,6,14,5,21,4,2
110,12,4,11,2,3,3,0
109,15,6,12,2,3,3,0
162,16,5,12,2,3,3,0
115,14,5,11,2,3,3,0
116,16,6,12,2,3,3,0
117,17,6,12,2,3,3,0
161,16,5,12,2,3,3,0
163,17,6,12,2,3,3,0
2728,8,0,3,0,0,1,0
996,0,0,0,0,0,0,0
995,0,0,0,0,0,0,0
2804,0,0,0,0,0,0,0
2802,0,0,0,0,0,0,0
994,0,0,0,0,0,0,0
999,0,0,0,0,0,0,0
2803,0,0,0,0,0,0,0
998,0,0,0,0,0,0,0
1955,0,0,0,0,0,0,0
1954,0,0,2,0,0,0,0
2774,0,0,0,0,0,0,0
2801,0,0,0,0,0,0,0
1847,0,0,0,0,0,0,0
967,0,0,0,0,0,0,0
1001,0,0,0,0,0,0,0
935,0,0,0,0,0,0,0
1000,0,0,0,0,0,0,0
969,16,0,0,1,1,0,0
966,0,0,0,0,0,0,0
1846,0,0,0,0,0,0,0
936,0,0,0,0,0,0,0
1851,0,0,0,0,0,0,0
1852,0,0,0,0,0,0,0
1853,0,0,0,0,0,0,0
970,29,1,0,3,4,0,1
1957,0,0,2,0,0,0,0
2777,0,0,0,0,0,0,0
997,0,0,0,0,0,0,0
2781,0,0,0,0,0,0,0
1953,0,0,0,0,0,0,0
2784,0,0,3,0,0,0,0
2590,0,0,0,0,0,0,0
2574,0,0,0,0,0,0,0
2780,0,0,0,0,0,0,0
2589,0,0,0,0,0,0,0
2575,0,0,0,0,0,0,0
2610,0,0,0,0,0,0,0
2573,0,0,2,0,1,0,0
2588,0,0,0,0,0,0,0
2525,5,0,2,0,1,0,0
2572,3,0,3,1,3,0,0
2779,0,0,5,0,1,2,1
2778,0,0,0,0,0,0,0
1952,0,0,0,0,0,0,0
1265,0,0,0,0,0,0,0
1006,0,0,0,0,0,0,0
1958,0,0,0,0,0,0,0
1992,0,0,0,0,0,0,0
2003,0,0,0,0,0,0,0
2783,0,0,0,0,0,0,0
2782,0,0,0,0,0,0,0
1003,0,0,0,0,0,0,0
1252,0,0,0,0,0,0,0
1005,0,0,0,0,0,0,0
1251,0,0,0,0,0,0,0
2002,2,1,0,0,0,0,0
1991,0,0,1,0,0,0,0
1959,0,0,0,0,0,0,0
2014,9,5,0,2,1,1,0
2017,7,5,0,2,1,1,0
2004,8,5,0,2,1,1,0
2001,5,0,1,0,0,0,0
2015,15,11,0,9,14,1,2
2016,14,12,0,6,4,1,2
2331,19,16,0,10,19,1,2
2330,18,16,0,10,19,1,2
2013,15,11,0,8,19,1,1
2005,20,13,0,10,19,1,2
2000,13,3,0,8,15,1,1
2012,18,13,0,10,19,1,2
2011,19,16,0,10,19,1,2
2318,21,16,0,10,19,1,2
2320,24,16,0,12,19,1,2
2319,24,16,0,12,19,1,2
2321,25,14,4,16,20,1,3
2322,28,11,6,16,20,1,3
2328,23,13,3,16,20,1,3
2316,29,11,8,16,20,1,3
2009,25,15,4,16,20,1,3
2317,26,16,4,16,20,1,3
2323,26,11,7,15,19,0,3
2312,29,10,10,14,20,0,5
2313,28,7,15,17,31,0,6
2314,31,7,15,16,21,0,5
2311,25,3,10,12,16,0,4
2324,23,8,7,15,15,0,5
2307,29,4,15,12,16,0,4
2306,29,3,19,12,16,0,4
2325,23,1,5,7,16,0,3
2326,25,7,7,10,14,0,5
2485,25,2,6,12,17,0,4
2287,17,3,6,6,20,0,3
2296,23,1,5,7,16,0,3
2288,15,4,3,6,20,0,3
2286,16,3,8,8,26,0,3
2295,20,5,2,7,17,0,3
2437,23,3,4,8,14,0,3
2512,0,0,0,0,0,0,0
2511,2,4,0,0,0,0,0
2526,4,0,0,0,1,0,0
2528,0,0,0,0,0,0,0
2520,0,0,0,0,0,0,0
2500,4,4,4,6,5,2,2
2499,6,8,4,3,1,0,1
2490,4,7,0,0,0,0,0
2510,2,4,1,0,1,0,0
2513,3,7,0,0,0,0,0
2519,3,4,0,0,0,0,0
2521,5,4,0,0,0,0,0
2491,8,9,7,9,9,0,3
2489,9,13,0,6,2,1,1
2498,12,4,7,8,15,2,4
2501,7,4,7,9,17,2,5
2509,7,4,4,8,14,2,5
2514,8,8,2,3,5,2,2
2515,11,8,3,8,14,2,4
2508,13,6,4,9,17,2,5
2518,5,7,0,2,2,0,1
2522,4,4,0,2,2,0,1
2517,8,4,1,2,3,0,1
2476,9,4,0,2,2,0,1
2329,19,13,4,13,19,1,2
2488,13,11,5,7,4,0,2
2484,5,0,2,0,1,0,0
2483,3,0,3,1,3,0,0
2577,0,2,6,1,2,0,0
2571,5,2,11,6,10,0,5
2495,29,4,7,10,17,2,5
2494,22,1,7,8,15,2,4
2493,22,3,7,8,15,2,4
2467,15,6,3,8,14,2,5
2516,17,8,3,8,14,2,5
2504,31,3,7,10,17,2,5
2496,27,1,7,8,15,2,4
2442,23,0,8,8,15,2,4
2503,30,4,7,10,17,2,5
2502,19,4,7,9,17,2,5
2507,20,5,5,9,17,2,5
2468,19,2,2,8,14,2,5
2465,26,0,4,9,17,2,5
2466,25,4,6,9,17,2,5
2327,18,11,6,12,14,0,3
2486,25,8,7,8,10,0,3
2492,21,6,7,10,15,2,5
2441,24,1,6,10,17,0,3
2443,26,0,7,8,15,2,4
2440,23,0,6,11,18,0,3
2464,30,0,7,10,17,2,5
2505,27,4,7,10,17,2,5
2458,30,0,7,8,15,2,4
2506,21,6,4,9,17,2,5
2457,30,1,6,9,15,2,4
2439,23,1,5,7,14,0,4
2438,24,2,5,10,17,0,2
2444,25,2,6,9,14,0,4
2445,23,5,1,3,5,0,0
2456,30,2,6,9,15,2,4
2487,21,11,4,7,4,0,2
2497,30,0,7,8,15,2,4
2527,4,0,0,0,0,0,0
1951,0,0,0,0,0,0,0
1950,1,0,1,0,0,0,0
1857,3,0,2,0,1,0,0
1960,1,0,1,0,0,0,0
1961,1,0,2,0,0,0,0
1949,1,0,1,0,0,0,0
1266,0,0,0,0,0,0,0
1858,4,1,3,0,1,0,0
1860,5,1,4,0,2,0,0
1267,1,0,1,0,0,0,0
1962,1,0,2,0,0,0,0
1947,1,0,1,0,0,0,0
1278,1,0,1,0,0,0,0
1235,2,1,1,0,0,0,0
1855,1,0,1,0,0,0,0
1236,0,0,0,0,0,0,0
1234,5,1,4,2,2,0,1
1854,0,0,0,0,0,0,0
1856,0,0,0,0,0,0,0
1849,0,0,0,0,0,0,0
1238,0,0,0,0,0,0,0
1233,7,1,5,3,2,0,1
1261,1,0,0,0,0,0,0
1268,1,0,1,0,0,0,0
1269,7,1,7,0,1,1,0
1259,7,1,7,3,1,1,1
1260,4,0,2,0,0,0,0
1964,1,0,2,0,0,0,0
1963,1,0,2,0,0,0,0
1946,1,0,3,0,0,0,0
2010,23,16,2,12,19,1,2
1242,7,1,6,3,2,0,1
1240,2,1,1,0,0,0,0
1244,10,1,7,3,2,0,1
1239,0,0,1,0,0,0,0
1865,11,1,9,4,10,0,2
1864,7,1,5,3,2,0,1
1243,10,1,7,3,1,0,1
1241,4,1,1,0,1,0,0
1245,10,1,7,3,1,0,1
1246,4,1,2,0,1,0,0
1249,0,0,1,0,0,0,0
1247,10,1,5,3,1,0,1
1248,2,1,2,0,1,0,0
1256,10,1,7,3,1,1,1
1255,3,1,3,0,1,0,0
1254,0,0,1,0,0,0,0
1276,6,1,5,0,0,1,0
1943,3,1,4,0,0,0,0
1941,6,1,8,1,0,1,0
1274,8,1,9,5,3,1,1
1965,1,0,3,0,0,0,0
1972,1,0,2,0,0,0,0
1966,2,1,3,0,0,0,0
1974,1,0,2,0,0,0,0
1944,2,1,3,0,0,0,0
1945,1,0,2,0,0,0,0
2344,33,5,10,16,20,1,3
2342,35,3,15,17,22,1,3
1998,23,2,8,12,18,0,2
2007,26,3,7,14,20,1,3
2008,30,8,8,16,20,1,3
2037,23,0,11,10,15,1,1
1997,13,0,6,0,0,0,0
1995,7,0,1,0,0,0,0
1999,13,0,3,8,18,1,1
2006,19,4,2,8,18,1,1
1967,5,1,7,1,0,0,0
1940,7,2,13,10,6,3,1
1942,3,1,6,1,0,1,0
1939,9,2,13,10,5,2,1
1970,3,0,4,0,0,0,0
1971,4,0,3,0,0,0,0
1973,2,0,2,0,0,0,0
1987,17,0,5,0,0,0,0
2035,19,0,6,1,2,0,0
2034,20,0,12,9,5,2,1
1985,18,0,10,0,0,0,0
1984,10,0,4,0,0,0,0
1983,15,0,5,0,0,0,0
2033,25,0,18,15,6,3,1
2036,19,0,11,5,4,1,1
2038,27,0,14,15,6,2,2
2039,27,0,14,18,21,2,2
1968,8,2,17,10,6,1,0
1938,10,3,22,27,27,5,3
1937,9,2,18,19,27,3,4
1982,7,0,4,0,0,0,0
1969,13,4,26,32,33,4,3
1912,16,4,31,38,47,7,11
1911,15,5,30,38,48,8,12
1921,18,4,32,43,53,7,8
1913,17,5,35,44,52,7,11
1909,16,5,33,52,59,8,12
1915,21,7,43,51,63,7,12
1914,22,6,40,51,55,7,12
1907,17,6,36,57,61,7,12
1920,22,6,40,49,62,8,11
1923,20,5,32,46,55,7,5
1922,18,3,24,35,32,5,3
1919,22,6,46,57,73,7,13
1904,25,8,51,61,78,9,14
1918,24,8,47,63,78,8,13
1903,30,8,55,58,82,8,14
2040,37,0,21,16,6,2,2
2041,41,0,25,19,7,3,2
2341,44,3,22,20,23,2,3
2032,32,0,24,16,6,3,1
2022,33,0,23,21,10,4,2
2304,36,4,19,19,26,1,5
2303,34,2,23,23,21,2,5
2300,37,2,23,21,22,2,5
2334,45,3,29,29,24,3,6
2335,46,2,30,25,22,3,5
2042,45,0,32,23,7,3,2
2338,51,1,27,16,8,2,2
2031,39,0,27,18,8,4,1
2030,45,0,28,23,10,4,2
2339,48,1,29,19,13,2,4
2340,44,3,25,18,18,2,4
2072,47,4,33,23,27,3,2
2047,49,2,34,26,17,3,3
2046,51,1,34,24,13,3,2
2336,50,1,32,25,13,3,4
2071,41,5,29,24,32,3,3
2299,36,3,21,19,21,2,4
1986,17,2,14,8,1,2,0
1927,28,7,36,43,49,6,3
1924,27,5,34,45,49,5,3
1926,26,3,29,29,36,4,2
1925,22,3,29,34,40,4,3
2043,46,0,32,23,10,3,3
2044,49,2,32,24,14,3,3
2337,49,0,31,18,9,3,2
2029,49,2,32,23,12,4,2
2023,38,0,27,29,15,5,3
2025,40,6,30,36,34,5,3
2024,39,2,30,33,29,5,3
2064,49,5,37,36,37,5,3
2045,51,4,34,25,21,4,2
2070,36,9,27,26,56,5,5
2066,40,8,36,42,69,7,6
2065,44,5,37,38,48,5,4
2054,32,7,32,39,46,5,2
2055,32,7,32,42,48,6,3
2026,37,5,32,39,45,6,3
2057,35,7,35,45,54,6,4
2018,30,4,27,39,44,6,3
2019,34,1,26,37,35,6,3
2053,30,7,35,33,47,5,2
2056,37,6,32,41,47,6,3
2063,43,6,37,42,47,6,4
2067,35,10,34,50,84,12,11
2027,42,5,32,37,36,5,3
2069,35,9,32,44,85,8,10
2298,34,7,20,15,31,1,5
2073,31,9,23,24,41,3,4
2332,32,7,21,27,34,3,5
2333,37,4,25,28,28,3,5
2074,33,10,24,27,54,4,5
2062,39,7,36,52,89,10,10
1928,27,9,43,47,59,8,5
2058,35,8,35,50,89,9,8
2052,31,9,36,41,66,7,8
1933,29,8,46,51,65,9,6
2059,35,11,33,47,93,12,9
2060,34,13,34,45,98,11,9
2095,33,13,35,47,99,11,11
1934,27,8,50,63,78,8,14
1932,25,8,44,54,67,9,10
1930,25,7,43,56,69,8,11
1935,26,9,49,56,72,10,10
2049,30,8,43,46,92,14,11
2051,32,9,35,44,94,11,10
2050,32,11,37,44,97,12,10
2088,32,13,34,45,98,11,10
1936,28,10,51,58,85,12,12
2078,28,9,50,65,96,11,19
2102,35,11,30,49,93,11,10
2087,34,10,41,48,101,14,11
2048,31,10,47,47,101,14,11
2077,31,9,52,69,103,14,20
2079,32,10,48,53,103,13,12
1929,25,7,42,53,66,8,12
1931,24,7,45,62,74,8,13
2345,39,7,14,14,19,0,3
2315,35,11,11,16,20,0,3
2346,39,3,19,22,23,2,3
2347,44,3,22,20,28,2,5
2305,33,5,18,17,34,0,6
2348,45,2,26,23,21,2,5
2343,41,3,14,18,22,1,3
2021,28,1,20,26,13,5,3
2020,33,1,25,28,18,5,3
2028,49,5,37,31,26,5,3
1410,17,1,15,15,13,1,2
1867,13,1,11,13,12,0,2
1409,17,1,18,17,15,1,3
1408,13,0,14,17,16,0,3
1415,11,1,7,4,10,1,2
1416,11,1,7,4,10,1,2
1414,10,1,8,3,4,1,1
1413,12,1,10,14,12,1,2
1417,11,1,7,14,11,1,2
1412,13,1,13,14,12,1,2
1427,20,1,17,17,28,0,7
1406,16,1,13,14,21,0,2
1407,9,0,13,13,16,0,2
1424,12,1,16,28,26,2,9
1423,19,1,19,30,28,2,8
1422,21,1,18,27,18,2,4
1421,18,1,17,19,14,2,3
1411,16,1,15,14,12,1,2
1866,12,1,12,12,11,0,2
1420,16,1,15,15,11,1,2
1418,12,1,12,14,11,1,2
1426,26,1,22,35,34,1,11
1439,34,1,33,42,40,3,11
1203,21,3,25,34,34,2,11
1206,15,2,19,26,17,2,3
1202,21,1,29,38,37,2,12
1207,14,2,15,19,15,2,3
1257,11,2,8,15,13,1,2
1271,10,2,12,18,15,2,3
1425,16,1,27,35,34,2,12
1210,9,2,18,28,21,2,4
1211,9,2,19,28,23,2,6
1273,9,2,16,25,16,2,3
1212,16,3,29,34,36,4,11
1205,17,2,26,33,35,2,11
1208,14,2,23,28,25,2,7
1209,9,2,17,27,20,2,4
1910,14,5,25,39,49,7,12
1231,15,5,28,35,46,5,11
1201,21,1,30,39,37,2,11
1200,30,1,36,43,42,5,12
1199,42,1,39,43,52,5,12
1230,19,5,34,45,50,6,12
1213,22,2,37,42,41,5,12
1214,23,2,37,42,41,5,12
1219,50,4,44,50,54,5,13
1226,57,5,45,51,51,6,12
1229,25,5,41,49,52,7,12
1221,35,3,40,48,57,5,12
1218,49,3,41,48,52,5,12
1215,37,1,39,44,48,5,12
1905,22,6,41,59,70,7,13
1906,17,5,38,54,60,7,12
1227,35,6,43,48,60,6,13
1228,32,6,43,51,58,6,12
1220,36,3,41,48,57,5,13
1198,52,1,41,48,63,5,12
1908,21,7,42,54,62,7,12
1204,17,2,31,34,35,2,12
1275,6,2,7,4,2,1,1
1270,7,2,7,5,2,1,1
1258,10,2,7,4,5,1,2
1272,9,2,15,21,15,2,3
1232,9,2,19,29,35,2,10
1419,12,2,10,15,11,1,2
1863,7,1,6,4,2,0,1
1862,5,0,3,2,1,0,1
1993,1,0,1,0,0,0,0
1990,0,0,1,0,0,0,0
1977,0,0,1,0,0,0,0
1975,1,0,2,0,0,0,0
1976,1,0,1,0,0,0,0
1978,1,0,3,0,0,0,0
1989,1,0,2,0,0,0,0
1994,2,0,1,0,0,0,0
1988,10,0,3,0,0,0,0
1980,4,0,2,0,0,0,0
1996,10,0,4,0,0,0,0
1979,1,0,2,0,0,0,0
1981,4,0,2,0,0,0,0
1264,0,0,0,0,0,0,0
1237,0,0,0,0,0,0,0
1850,0,0,0,0,0,0,0
1250,0,0,0,0,0,0,0
1253,0,0,0,0,0,0,0
1262,0,0,0,0,0,0,0
1263,0,0,0,0,0,0,0
1277,2,0,2,0,0,0,0
1948,1,0,1,0,0,0,0
2776,0,0,0,0,0,0,0
1002,0,0,0,0,0,0,0
1004,0,0,0,0,0,0,0
1956,0,0,0,0,0,0,0
2771,1,0,1,0,0,0,0
934,0,0,0,0,0,0,0
2775,0,0,0,0,0,0,0
2800,7,0,1,0,0,0,0
917,15,0,3,0,0,0,0
916,18,0,3,1,0,0,0
933,8,0,1,0,0,0,0
918,10,0,1,0,0,0,0
925,13,0,3,1,0,0,0
911,14,0,4,1,0,0,0
919,13,0,2,0,0,0,0
920,15,0,3,0,0,0,0
921,18,0,2,1,0,0,0
928,16,0,3,1,0,0,0
924,16,0,3,1,0,0,0
946,13,0,3,1,0,0,0
929,17,0,3,1,0,0,0
923,18,0,3,1,0,0,0
915,18,0,4,1,0,0,0
930,20,0,3,1,0,0,0
922,20,0,3,1,0,0,0
931,18,0,3,1,0,0,0
932,14,0,3,0,0,0,0
938,12,0,2,0,0,0,0
968,21,1,0,1,2,0,0
965,11,1,0,1,1,0,0
937,10,0,0,0,0,0,0
954,19,1,2,1,1,0,0
952,20,0,3,1,0,0,0
939,16,0,3,1,0,0,0
953,16,0,3,0,0,0,0
961,17,1,1,1,2,0,1
971,28,1,0,3,4,0,1
964,22,1,0,3,4,0,1
972,31,1,0,3,4,0,1
941,20,0,3,1,0,0,0
942,17,0,3,1,0,0,0
945,15,0,3,1,0,0,0
951,23,0,3,1,0,0,0
950,15,1,3,1,0,0,0
943,20,0,3,1,0,0,0
955,17,1,1,1,0,0,0
947,13,0,3,1,0,0,0
940,20,0,3,1,0,0,0
960,15,1,1,0,1,0,0
958,17,2,1,1,1,0,0
959,20,2,1,2,1,0,1
944,18,0,3,1,0,0,0
913,18,0,3,1,0,0,0
912,14,0,4,1,0,0,0
914,14,0,4,1,0,0,0
1848,0,0,0,0,0,0,0
