year,sector_id_six,home_based_status,county_id,total_number_of_jobs
2011,1,1,8001,74
2011,2,1,8001,135
2011,3,1,8001,3229
2011,4,1,8001,16
2011,5,1,8001,383
2011,6,1,8001,3936
2011,1,1,8005,106
2011,2,1,8005,150
2011,3,1,8005,2968
2011,4,1,8005,16
2011,5,1,8005,535
2011,6,1,8005,5277
2011,1,1,8013,100
2011,2,1,8013,112
2011,3,1,8013,1449
2011,4,1,8013,10
2011,5,1,8013,404
2011,6,1,8013,3600
2011,1,1,8014,12
2011,2,1,8014,11
2011,3,1,8014,244
2011,4,1,8014,0
2011,5,1,8014,51
2011,6,1,8014,414
2011,1,1,8019,1
2011,2,1,8019,2
2011,3,1,8019,51
2011,4,1,8019,1
2011,5,1,8019,9
2011,6,1,8019,71
2011,1,1,8031,119
2011,2,1,8031,204
2011,3,1,8031,2314
2011,4,1,8031,31
2011,5,1,8031,450
2011,6,1,8031,5500
2011,1,1,8035,69
2011,2,1,8035,112
2011,3,1,8035,1830
2011,4,1,8035,4
2011,5,1,8035,347
2011,6,1,8035,3287
2011,1,1,8039,1
2011,2,1,8039,5
2011,3,1,8039,178
2011,4,1,8039,0
2011,5,1,8039,14
2011,6,1,8039,153
2011,1,1,8047,0
2011,2,1,8047,0
2011,3,1,8047,18
2011,4,1,8047,0
2011,5,1,8047,4
2011,6,1,8047,13
2011,1,1,8059,124
2011,2,1,8059,155
2011,3,1,8059,3387
2011,4,1,8059,11
2011,5,1,8059,652
2011,6,1,8059,5616
2011,1,1,8123,2
2011,2,1,8123,9
2011,3,1,8123,341
2011,4,1,8123,0
2011,5,1,8123,35
2011,6,1,8123,305
2012,1,1,8001,87
2012,2,1,8001,152
2012,3,1,8001,3586
2012,4,1,8001,18
2012,5,1,8001,448
2012,6,1,8001,3956
2012,1,1,8005,103
2012,2,1,8005,150
2012,3,1,8005,2969
2012,4,1,8005,16
2012,5,1,8005,531
2012,6,1,8005,5888
2012,1,1,8013,100
2012,2,1,8013,112
2012,3,1,8013,1440
2012,4,1,8013,10
2012,5,1,8013,401
2012,6,1,8013,3579
2012,1,1,8014,12
2012,2,1,8014,10
2012,3,1,8014,243
2012,4,1,8014,0
2012,5,1,8014,50
2012,6,1,8014,411
2012,1,1,8019,1
2012,2,1,8019,2
2012,3,1,8019,50
2012,4,1,8019,1
2012,5,1,8019,9
2012,6,1,8019,70
2012,1,1,8031,119
2012,2,1,8031,205
2012,3,1,8031,2331
2012,4,1,8031,31
2012,5,1,8031,453
2012,6,1,8031,5504
2012,1,1,8035,71
2012,2,1,8035,114
2012,3,1,8035,1836
2012,4,1,8035,4
2012,5,1,8035,351
2012,6,1,8035,3315
2012,1,1,8039,2
2012,2,1,8039,5
2012,3,1,8039,179
2012,4,1,8039,0
2012,5,1,8039,15
2012,6,1,8039,158
2012,1,1,8047,0
2012,2,1,8047,0
2012,3,1,8047,18
2012,4,1,8047,0
2012,5,1,8047,4
2012,6,1,8047,13
2012,1,1,8059,124
2012,2,1,8059,155
2012,3,1,8059,3364
2012,4,1,8059,11
2012,5,1,8059,650
2012,6,1,8059,5580
2012,1,1,8123,2
2012,2,1,8123,9
2012,3,1,8123,340
2012,4,1,8123,0
2012,5,1,8123,35
2012,6,1,8123,308
2013,1,1,8001,103
2013,2,1,8001,174
2013,3,1,8001,3953
2013,4,1,8001,21
2013,5,1,8001,514
2013,6,1,8001,4027
2013,1,1,8005,102
2013,2,1,8005,152
2013,3,1,8005,2959
2013,4,1,8005,16
2013,5,1,8005,534
2013,6,1,8005,6457
2013,1,1,8013,100
2013,2,1,8013,112
2013,3,1,8013,1436
2013,4,1,8013,10
2013,5,1,8013,399
2013,6,1,8013,3564
2013,1,1,8014,12
2013,2,1,8014,10
2013,3,1,8014,243
2013,4,1,8014,0
2013,5,1,8014,50
2013,6,1,8014,410
2013,1,1,8019,1
2013,2,1,8019,2
2013,3,1,8019,50
2013,4,1,8019,1
2013,5,1,8019,9
2013,6,1,8019,70
2013,1,1,8031,120
2013,2,1,8031,203
2013,3,1,8031,2334
2013,4,1,8031,30
2013,5,1,8031,455
2013,6,1,8031,5501
2013,1,1,8035,73
2013,2,1,8035,113
2013,3,1,8035,1841
2013,4,1,8035,4
2013,5,1,8035,350
2013,6,1,8035,3335
2013,1,1,8039,2
2013,2,1,8039,6
2013,3,1,8039,178
2013,4,1,8039,0
2013,5,1,8039,15
2013,6,1,8039,160
2013,1,1,8047,0
2013,2,1,8047,0
2013,3,1,8047,18
2013,4,1,8047,0
2013,5,1,8047,4
2013,6,1,8047,13
2013,1,1,8059,119
2013,2,1,8059,153
2013,3,1,8059,3352
2013,4,1,8059,11
2013,5,1,8059,644
2013,6,1,8059,5552
2013,1,1,8123,2
2013,2,1,8123,9
2013,3,1,8123,339
2013,4,1,8123,0
2013,5,1,8123,35
2013,6,1,8123,303
2014,1,1,8001,114
2014,2,1,8001,186
2014,3,1,8001,4308
2014,4,1,8001,24
2014,5,1,8001,581
2014,6,1,8001,4178
2014,1,1,8005,102
2014,2,1,8005,158
2014,3,1,8005,2952
2014,4,1,8005,16
2014,5,1,8005,530
2014,6,1,8005,6942
2014,1,1,8013,99
2014,2,1,8013,111
2014,3,1,8013,1430
2014,4,1,8013,10
2014,5,1,8013,399
2014,6,1,8013,3542
2014,1,1,8014,12
2014,2,1,8014,10
2014,3,1,8014,241
2014,4,1,8014,0
2014,5,1,8014,50
2014,6,1,8014,409
2014,1,1,8019,1
2014,2,1,8019,2
2014,3,1,8019,49
2014,4,1,8019,1
2014,5,1,8019,9
2014,6,1,8019,70
2014,1,1,8031,119
2014,2,1,8031,202
2014,3,1,8031,2346
2014,4,1,8031,29
2014,5,1,8031,456
2014,6,1,8031,5527
2014,1,1,8035,77
2014,2,1,8035,117
2014,3,1,8035,1852
2014,4,1,8035,4
2014,5,1,8035,352
2014,6,1,8035,3354
2014,1,1,8039,2
2014,2,1,8039,8
2014,3,1,8039,178
2014,4,1,8039,0
2014,5,1,8039,15
2014,6,1,8039,162
2014,1,1,8047,0
2014,2,1,8047,0
2014,3,1,8047,18
2014,4,1,8047,0
2014,5,1,8047,4
2014,6,1,8047,13
2014,1,1,8059,118
2014,2,1,8059,150
2014,3,1,8059,3338
2014,4,1,8059,11
2014,5,1,8059,642
2014,6,1,8059,5509
2014,1,1,8123,3
2014,2,1,8123,9
2014,3,1,8123,338
2014,4,1,8123,0
2014,5,1,8123,34
2014,6,1,8123,297
2015,1,1,8001,131
2015,2,1,8001,207
2015,3,1,8001,4645
2015,4,1,8001,24
2015,5,1,8001,645
2015,6,1,8001,4489
2015,1,1,8005,99
2015,2,1,8005,156
2015,3,1,8005,2948
2015,4,1,8005,17
2015,5,1,8005,527
2015,6,1,8005,7241
2015,1,1,8013,99
2015,2,1,8013,109
2015,3,1,8013,1428
2015,4,1,8013,10
2015,5,1,8013,394
2015,6,1,8013,3519
2015,1,1,8014,11
2015,2,1,8014,10
2015,3,1,8014,240
2015,4,1,8014,0
2015,5,1,8014,50
2015,6,1,8014,407
2015,1,1,8019,1
2015,2,1,8019,1
2015,3,1,8019,49
2015,4,1,8019,1
2015,5,1,8019,9
2015,6,1,8019,70
2015,1,1,8031,118
2015,2,1,8031,205
2015,3,1,8031,2374
2015,4,1,8031,30
2015,5,1,8031,462
2015,6,1,8031,5551
2015,1,1,8035,78
2015,2,1,8035,118
2015,3,1,8035,1860
2015,4,1,8035,4
2015,5,1,8035,357
2015,6,1,8035,3387
2015,1,1,8039,2
2015,2,1,8039,8
2015,3,1,8039,179
2015,4,1,8039,0
2015,5,1,8039,15
2015,6,1,8039,166
2015,1,1,8047,0
2015,2,1,8047,0
2015,3,1,8047,18
2015,4,1,8047,0
2015,5,1,8047,4
2015,6,1,8047,13
2015,1,1,8059,118
2015,2,1,8059,150
2015,3,1,8059,3320
2015,4,1,8059,11
2015,5,1,8059,637
2015,6,1,8059,5472
2015,1,1,8123,3
2015,2,1,8123,9
2015,3,1,8123,336
2015,4,1,8123,0
2015,5,1,8123,34
2015,6,1,8123,298
2016,1,1,8001,143
2016,2,1,8001,226
2016,3,1,8001,4909
2016,4,1,8001,26
2016,5,1,8001,695
2016,6,1,8001,4579
2016,1,1,8005,98
2016,2,1,8005,153
2016,3,1,8005,2954
2016,4,1,8005,17
2016,5,1,8005,529
2016,6,1,8005,7610
2016,1,1,8013,98
2016,2,1,8013,109
2016,3,1,8013,1423
2016,4,1,8013,10
2016,5,1,8013,393
2016,6,1,8013,3506
2016,1,1,8014,11
2016,2,1,8014,10
2016,3,1,8014,237
2016,4,1,8014,0
2016,5,1,8014,49
2016,6,1,8014,406
2016,1,1,8019,1
2016,2,1,8019,1
2016,3,1,8019,49
2016,4,1,8019,1
2016,5,1,8019,9
2016,6,1,8019,70
2016,1,1,8031,119
2016,2,1,8031,203
2016,3,1,8031,2395
2016,4,1,8031,30
2016,5,1,8031,461
2016,6,1,8031,5572
2016,1,1,8035,79
2016,2,1,8035,120
2016,3,1,8035,1860
2016,4,1,8035,4
2016,5,1,8035,357
2016,6,1,8035,3400
2016,1,1,8039,3
2016,2,1,8039,8
2016,3,1,8039,178
2016,4,1,8039,0
2016,5,1,8039,14
2016,6,1,8039,169
2016,1,1,8047,0
2016,2,1,8047,0
2016,3,1,8047,18
2016,4,1,8047,0
2016,5,1,8047,4
2016,6,1,8047,13
2016,1,1,8059,115
2016,2,1,8059,148
2016,3,1,8059,3293
2016,4,1,8059,11
2016,5,1,8059,634
2016,6,1,8059,5438
2016,1,1,8123,3
2016,2,1,8123,9
2016,3,1,8123,337
2016,4,1,8123,0
2016,5,1,8123,35
2016,6,1,8123,302
2017,1,1,8001,154
2017,2,1,8001,241
2017,3,1,8001,5163
2017,4,1,8001,26
2017,5,1,8001,739
2017,6,1,8001,4642
2017,1,1,8005,97
2017,2,1,8005,153
2017,3,1,8005,2941
2017,4,1,8005,18
2017,5,1,8005,525
2017,6,1,8005,7996
2017,1,1,8013,96
2017,2,1,8013,108
2017,3,1,8013,1418
2017,4,1,8013,10
2017,5,1,8013,394
2017,6,1,8013,3487
2017,1,1,8014,11
2017,2,1,8014,10
2017,3,1,8014,236
2017,4,1,8014,0
2017,5,1,8014,49
2017,6,1,8014,404
2017,1,1,8019,1
2017,2,1,8019,1
2017,3,1,8019,49
2017,4,1,8019,1
2017,5,1,8019,9
2017,6,1,8019,69
2017,1,1,8031,120
2017,2,1,8031,203
2017,3,1,8031,2409
2017,4,1,8031,30
2017,5,1,8031,464
2017,6,1,8031,5606
2017,1,1,8035,80
2017,2,1,8035,120
2017,3,1,8035,1885
2017,4,1,8035,4
2017,5,1,8035,364
2017,6,1,8035,3423
2017,1,1,8039,3
2017,2,1,8039,8
2017,3,1,8039,184
2017,4,1,8039,0
2017,5,1,8039,15
2017,6,1,8039,169
2017,1,1,8047,0
2017,2,1,8047,0
2017,3,1,8047,18
2017,4,1,8047,0
2017,5,1,8047,4
2017,6,1,8047,12
2017,1,1,8059,115
2017,2,1,8059,148
2017,3,1,8059,3272
2017,4,1,8059,11
2017,5,1,8059,629
2017,6,1,8059,5403
2017,1,1,8123,3
2017,2,1,8123,9
2017,3,1,8123,335
2017,4,1,8123,0
2017,5,1,8123,35
2017,6,1,8123,305
2018,1,1,8001,165
2018,2,1,8001,255
2018,3,1,8001,5402
2018,4,1,8001,26
2018,5,1,8001,784
2018,6,1,8001,4730
2018,1,1,8005,97
2018,2,1,8005,152
2018,3,1,8005,2941
2018,4,1,8005,20
2018,5,1,8005,525
2018,6,1,8005,8350
2018,1,1,8013,95
2018,2,1,8013,107
2018,3,1,8013,1415
2018,4,1,8013,10
2018,5,1,8013,393
2018,6,1,8013,3479
2018,1,1,8014,11
2018,2,1,8014,10
2018,3,1,8014,234
2018,4,1,8014,0
2018,5,1,8014,49
2018,6,1,8014,401
2018,1,1,8019,1
2018,2,1,8019,1
2018,3,1,8019,49
2018,4,1,8019,1
2018,5,1,8019,9
2018,6,1,8019,69
2018,1,1,8031,121
2018,2,1,8031,206
2018,3,1,8031,2426
2018,4,1,8031,30
2018,5,1,8031,465
2018,6,1,8031,5629
2018,1,1,8035,79
2018,2,1,8035,121
2018,3,1,8035,1912
2018,4,1,8035,4
2018,5,1,8035,367
2018,6,1,8035,3451
2018,1,1,8039,3
2018,2,1,8039,8
2018,3,1,8039,185
2018,4,1,8039,0
2018,5,1,8039,15
2018,6,1,8039,174
2018,1,1,8047,0
2018,2,1,8047,0
2018,3,1,8047,18
2018,4,1,8047,0
2018,5,1,8047,4
2018,6,1,8047,12
2018,1,1,8059,115
2018,2,1,8059,147
2018,3,1,8059,3249
2018,4,1,8059,11
2018,5,1,8059,627
2018,6,1,8059,5367
2018,1,1,8123,3
2018,2,1,8123,9
2018,3,1,8123,335
2018,4,1,8123,0
2018,5,1,8123,35
2018,6,1,8123,305
2019,1,1,8001,176
2019,2,1,8001,264
2019,3,1,8001,5664
2019,4,1,8001,27
2019,5,1,8001,830
2019,6,1,8001,4803
2019,1,1,8005,98
2019,2,1,8005,156
2019,3,1,8005,2932
2019,4,1,8005,20
2019,5,1,8005,527
2019,6,1,8005,8735
2019,1,1,8013,94
2019,2,1,8013,107
2019,3,1,8013,1415
2019,4,1,8013,10
2019,5,1,8013,390
2019,6,1,8013,3461
2019,1,1,8014,11
2019,2,1,8014,10
2019,3,1,8014,233
2019,4,1,8014,0
2019,5,1,8014,48
2019,6,1,8014,398
2019,1,1,8019,1
2019,2,1,8019,1
2019,3,1,8019,48
2019,4,1,8019,1
2019,5,1,8019,9
2019,6,1,8019,69
2019,1,1,8031,120
2019,2,1,8031,206
2019,3,1,8031,2435
2019,4,1,8031,30
2019,5,1,8031,469
2019,6,1,8031,5644
2019,1,1,8035,80
2019,2,1,8035,121
2019,3,1,8035,1935
2019,4,1,8035,4
2019,5,1,8035,370
2019,6,1,8035,3474
2019,1,1,8039,3
2019,2,1,8039,9
2019,3,1,8039,185
2019,4,1,8039,0
2019,5,1,8039,17
2019,6,1,8039,178
2019,1,1,8047,0
2019,2,1,8047,0
2019,3,1,8047,17
2019,4,1,8047,0
2019,5,1,8047,4
2019,6,1,8047,12
2019,1,1,8059,114
2019,2,1,8059,147
2019,3,1,8059,3230
2019,4,1,8059,11
2019,5,1,8059,621
2019,6,1,8059,5337
2019,1,1,8123,3
2019,2,1,8123,9
2019,3,1,8123,329
2019,4,1,8123,0
2019,5,1,8123,34
2019,6,1,8123,308
2020,1,1,8001,186
2020,2,1,8001,278
2020,3,1,8001,5907
2020,4,1,8001,29
2020,5,1,8001,872
2020,6,1,8001,4850
2020,1,1,8005,96
2020,2,1,8005,156
2020,3,1,8005,2933
2020,4,1,8005,20
2020,5,1,8005,531
2020,6,1,8005,9141
2020,1,1,8013,95
2020,2,1,8013,106
2020,3,1,8013,1410
2020,4,1,8013,10
2020,5,1,8013,388
2020,6,1,8013,3437
2020,1,1,8014,10
2020,2,1,8014,10
2020,3,1,8014,232
2020,4,1,8014,0
2020,5,1,8014,48
2020,6,1,8014,395
2020,1,1,8019,1
2020,2,1,8019,1
2020,3,1,8019,48
2020,4,1,8019,1
2020,5,1,8019,9
2020,6,1,8019,69
2020,1,1,8031,121
2020,2,1,8031,207
2020,3,1,8031,2461
2020,4,1,8031,30
2020,5,1,8031,472
2020,6,1,8031,5686
2020,1,1,8035,80
2020,2,1,8035,121
2020,3,1,8035,1958
2020,4,1,8035,4
2020,5,1,8035,370
2020,6,1,8035,3483
2020,1,1,8039,3
2020,2,1,8039,9
2020,3,1,8039,187
2020,4,1,8039,0
2020,5,1,8039,17
2020,6,1,8039,177
2020,1,1,8047,0
2020,2,1,8047,0
2020,3,1,8047,16
2020,4,1,8047,0
2020,5,1,8047,4
2020,6,1,8047,12
2020,1,1,8059,114
2020,2,1,8059,147
2020,3,1,8059,3200
2020,4,1,8059,11
2020,5,1,8059,620
2020,6,1,8059,5309
2020,1,1,8123,3
2020,2,1,8123,9
2020,3,1,8123,327
2020,4,1,8123,0
2020,5,1,8123,34
2020,6,1,8123,311
2021,1,1,8001,193
2021,2,1,8001,290
2021,3,1,8001,6094
2021,4,1,8001,30
2021,5,1,8001,878
2021,6,1,8001,4921
2021,1,1,8005,96
2021,2,1,8005,157
2021,3,1,8005,2927
2021,4,1,8005,20
2021,5,1,8005,568
2021,6,1,8005,9421
2021,1,1,8013,94
2021,2,1,8013,105
2021,3,1,8013,1403
2021,4,1,8013,10
2021,5,1,8013,386
2021,6,1,8013,3415
2021,1,1,8014,10
2021,2,1,8014,10
2021,3,1,8014,230
2021,4,1,8014,0
2021,5,1,8014,47
2021,6,1,8014,392
2021,1,1,8019,1
2021,2,1,8019,1
2021,3,1,8019,48
2021,4,1,8019,1
2021,5,1,8019,9
2021,6,1,8019,69
2021,1,1,8031,121
2021,2,1,8031,206
2021,3,1,8031,2479
2021,4,1,8031,30
2021,5,1,8031,469
2021,6,1,8031,5709
2021,1,1,8035,82
2021,2,1,8035,123
2021,3,1,8035,1988
2021,4,1,8035,4
2021,5,1,8035,372
2021,6,1,8035,3515
2021,1,1,8039,3
2021,2,1,8039,9
2021,3,1,8039,191
2021,4,1,8039,0
2021,5,1,8039,17
2021,6,1,8039,183
2021,1,1,8047,0
2021,2,1,8047,0
2021,3,1,8047,16
2021,4,1,8047,0
2021,5,1,8047,4
2021,6,1,8047,12
2021,1,1,8059,114
2021,2,1,8059,146
2021,3,1,8059,3180
2021,4,1,8059,11
2021,5,1,8059,616
2021,6,1,8059,5280
2021,1,1,8123,3
2021,2,1,8123,9
2021,3,1,8123,328
2021,4,1,8123,0
2021,5,1,8123,36
2021,6,1,8123,313
2022,1,1,8001,200
2022,2,1,8001,299
2022,3,1,8001,6283
2022,4,1,8001,31
2022,5,1,8001,912
2022,6,1,8001,5003
2022,1,1,8005,98
2022,2,1,8005,159
2022,3,1,8005,2933
2022,4,1,8005,20
2022,5,1,8005,573
2022,6,1,8005,9682
2022,1,1,8013,93
2022,2,1,8013,105
2022,3,1,8013,1403
2022,4,1,8013,10
2022,5,1,8013,384
2022,6,1,8013,3411
2022,1,1,8014,10
2022,2,1,8014,11
2022,3,1,8014,229
2022,4,1,8014,0
2022,5,1,8014,47
2022,6,1,8014,392
2022,1,1,8019,1
2022,2,1,8019,1
2022,3,1,8019,48
2022,4,1,8019,1
2022,5,1,8019,9
2022,6,1,8019,69
2022,1,1,8031,120
2022,2,1,8031,209
2022,3,1,8031,2503
2022,4,1,8031,30
2022,5,1,8031,473
2022,6,1,8031,5722
2022,1,1,8035,83
2022,2,1,8035,121
2022,3,1,8035,2001
2022,4,1,8035,4
2022,5,1,8035,374
2022,6,1,8035,3544
2022,1,1,8039,3
2022,2,1,8039,9
2022,3,1,8039,191
2022,4,1,8039,0
2022,5,1,8039,17
2022,6,1,8039,187
2022,1,1,8047,0
2022,2,1,8047,0
2022,3,1,8047,16
2022,4,1,8047,0
2022,5,1,8047,4
2022,6,1,8047,12
2022,1,1,8059,114
2022,2,1,8059,145
2022,3,1,8059,3155
2022,4,1,8059,11
2022,5,1,8059,610
2022,6,1,8059,5255
2022,1,1,8123,3
2022,2,1,8123,8
2022,3,1,8123,327
2022,4,1,8123,0
2022,5,1,8123,36
2022,6,1,8123,313
2023,1,1,8001,209
2023,2,1,8001,311
2023,3,1,8001,6482
2023,4,1,8001,34
2023,5,1,8001,955
2023,6,1,8001,5087
2023,1,1,8005,98
2023,2,1,8005,159
2023,3,1,8005,2929
2023,4,1,8005,19
2023,5,1,8005,575
2023,6,1,8005,9946
2023,1,1,8013,91
2023,2,1,8013,105
2023,3,1,8013,1398
2023,4,1,8013,10
2023,5,1,8013,380
2023,6,1,8013,3394
2023,1,1,8014,10
2023,2,1,8014,10
2023,3,1,8014,228
2023,4,1,8014,0
2023,5,1,8014,47
2023,6,1,8014,389
2023,1,1,8019,1
2023,2,1,8019,1
2023,3,1,8019,48
2023,4,1,8019,1
2023,5,1,8019,9
2023,6,1,8019,69
2023,1,1,8031,121
2023,2,1,8031,209
2023,3,1,8031,2542
2023,4,1,8031,29
2023,5,1,8031,473
2023,6,1,8031,5749
2023,1,1,8035,83
2023,2,1,8035,121
2023,3,1,8035,2000
2023,4,1,8035,4
2023,5,1,8035,372
2023,6,1,8035,3573
2023,1,1,8039,4
2023,2,1,8039,10
2023,3,1,8039,190
2023,4,1,8039,0
2023,5,1,8039,17
2023,6,1,8039,189
2023,1,1,8047,0
2023,2,1,8047,0
2023,3,1,8047,16
2023,4,1,8047,0
2023,5,1,8047,4
2023,6,1,8047,12
2023,1,1,8059,113
2023,2,1,8059,145
2023,3,1,8059,3133
2023,4,1,8059,11
2023,5,1,8059,606
2023,6,1,8059,5224
2023,1,1,8123,3
2023,2,1,8123,8
2023,3,1,8123,327
2023,4,1,8123,0
2023,5,1,8123,38
2023,6,1,8123,319
2024,1,1,8001,215
2024,2,1,8001,323
2024,3,1,8001,6686
2024,4,1,8001,34
2024,5,1,8001,992
2024,6,1,8001,5173
2024,1,1,8005,98
2024,2,1,8005,160
2024,3,1,8005,2931
2024,4,1,8005,20
2024,5,1,8005,573
2024,6,1,8005,10225
2024,1,1,8013,91
2024,2,1,8013,104
2024,3,1,8013,1392
2024,4,1,8013,10
2024,5,1,8013,378
2024,6,1,8013,3371
2024,1,1,8014,10
2024,2,1,8014,10
2024,3,1,8014,224
2024,4,1,8014,0
2024,5,1,8014,46
2024,6,1,8014,387
2024,1,1,8019,1
2024,2,1,8019,1
2024,3,1,8019,48
2024,4,1,8019,1
2024,5,1,8019,9
2024,6,1,8019,68
2024,1,1,8031,122
2024,2,1,8031,209
2024,3,1,8031,2568
2024,4,1,8031,28
2024,5,1,8031,476
2024,6,1,8031,5779
2024,1,1,8035,83
2024,2,1,8035,122
2024,3,1,8035,2003
2024,4,1,8035,5
2024,5,1,8035,378
2024,6,1,8035,3590
2024,1,1,8039,4
2024,2,1,8039,10
2024,3,1,8039,191
2024,4,1,8039,0
2024,5,1,8039,17
2024,6,1,8039,191
2024,1,1,8047,0
2024,2,1,8047,0
2024,3,1,8047,15
2024,4,1,8047,0
2024,5,1,8047,4
2024,6,1,8047,12
2024,1,1,8059,113
2024,2,1,8059,142
2024,3,1,8059,3113
2024,4,1,8059,11
2024,5,1,8059,603
2024,6,1,8059,5196
2024,1,1,8123,3
2024,2,1,8123,9
2024,3,1,8123,327
2024,4,1,8123,0
2024,5,1,8123,37
2024,6,1,8123,319
2025,1,1,8001,226
2025,2,1,8001,336
2025,3,1,8001,6866
2025,4,1,8001,35
2025,5,1,8001,991
2025,6,1,8001,5262
2025,1,1,8005,96
2025,2,1,8005,160
2025,3,1,8005,2938
2025,4,1,8005,19
2025,5,1,8005,612
2025,6,1,8005,10489
2025,1,1,8013,91
2025,2,1,8013,104
2025,3,1,8013,1389
2025,4,1,8013,10
2025,5,1,8013,377
2025,6,1,8013,3358
2025,1,1,8014,10
2025,2,1,8014,10
2025,3,1,8014,222
2025,4,1,8014,0
2025,5,1,8014,45
2025,6,1,8014,387
2025,1,1,8019,1
2025,2,1,8019,1
2025,3,1,8019,47
2025,4,1,8019,1
2025,5,1,8019,9
2025,6,1,8019,67
2025,1,1,8031,122
2025,2,1,8031,208
2025,3,1,8031,2593
2025,4,1,8031,29
2025,5,1,8031,482
2025,6,1,8031,5794
2025,1,1,8035,82
2025,2,1,8035,122
2025,3,1,8035,2021
2025,4,1,8035,5
2025,5,1,8035,376
2025,6,1,8035,3612
2025,1,1,8039,4
2025,2,1,8039,10
2025,3,1,8039,191
2025,4,1,8039,0
2025,5,1,8039,17
2025,6,1,8039,193
2025,1,1,8047,0
2025,2,1,8047,0
2025,3,1,8047,15
2025,4,1,8047,0
2025,5,1,8047,3
2025,6,1,8047,12
2025,1,1,8059,113
2025,2,1,8059,142
2025,3,1,8059,3093
2025,4,1,8059,11
2025,5,1,8059,601
2025,6,1,8059,5174
2025,1,1,8123,3
2025,2,1,8123,9
2025,3,1,8123,328
2025,4,1,8123,0
2025,5,1,8123,37
2025,6,1,8123,323
2026,1,1,8001,234
2026,2,1,8001,349
2026,3,1,8001,7049
2026,4,1,8001,36
2026,5,1,8001,993
2026,6,1,8001,5350
2026,1,1,8005,96
2026,2,1,8005,160
2026,3,1,8005,2945
2026,4,1,8005,19
2026,5,1,8005,640
2026,6,1,8005,10741
2026,1,1,8013,91
2026,2,1,8013,103
2026,3,1,8013,1385
2026,4,1,8013,10
2026,5,1,8013,376
2026,6,1,8013,3342
2026,1,1,8014,10
2026,2,1,8014,10
2026,3,1,8014,221
2026,4,1,8014,0
2026,5,1,8014,45
2026,6,1,8014,383
2026,1,1,8019,1
2026,2,1,8019,1
2026,3,1,8019,47
2026,4,1,8019,1
2026,5,1,8019,9
2026,6,1,8019,67
2026,1,1,8031,122
2026,2,1,8031,208
2026,3,1,8031,2605
2026,4,1,8031,30
2026,5,1,8031,487
2026,6,1,8031,5814
2026,1,1,8035,82
2026,2,1,8035,122
2026,3,1,8035,2033
2026,4,1,8035,5
2026,5,1,8035,379
2026,6,1,8035,3651
2026,1,1,8039,4
2026,2,1,8039,10
2026,3,1,8039,194
2026,4,1,8039,0
2026,5,1,8039,17
2026,6,1,8039,197
2026,1,1,8047,0
2026,2,1,8047,0
2026,3,1,8047,15
2026,4,1,8047,0
2026,5,1,8047,3
2026,6,1,8047,12
2026,1,1,8059,113
2026,2,1,8059,141
2026,3,1,8059,3077
2026,4,1,8059,11
2026,5,1,8059,599
2026,6,1,8059,5142
2026,1,1,8123,3
2026,2,1,8123,9
2026,3,1,8123,331
2026,4,1,8123,0
2026,5,1,8123,37
2026,6,1,8123,322
2027,1,1,8001,241
2027,2,1,8001,361
2027,3,1,8001,7228
2027,4,1,8001,36
2027,5,1,8001,1030
2027,6,1,8001,5444
2027,1,1,8005,96
2027,2,1,8005,160
2027,3,1,8005,2947
2027,4,1,8005,20
2027,5,1,8005,638
2027,6,1,8005,10980
2027,1,1,8013,90
2027,2,1,8013,103
2027,3,1,8013,1381
2027,4,1,8013,10
2027,5,1,8013,374
2027,6,1,8013,3326
2027,1,1,8014,10
2027,2,1,8014,10
2027,3,1,8014,221
2027,4,1,8014,0
2027,5,1,8014,44
2027,6,1,8014,382
2027,1,1,8019,1
2027,2,1,8019,1
2027,3,1,8019,47
2027,4,1,8019,1
2027,5,1,8019,8
2027,6,1,8019,67
2027,1,1,8031,123
2027,2,1,8031,208
2027,3,1,8031,2638
2027,4,1,8031,29
2027,5,1,8031,491
2027,6,1,8031,5856
2027,1,1,8035,82
2027,2,1,8035,121
2027,3,1,8035,2033
2027,4,1,8035,5
2027,5,1,8035,383
2027,6,1,8035,3657
2027,1,1,8039,4
2027,2,1,8039,10
2027,3,1,8039,198
2027,4,1,8039,0
2027,5,1,8039,17
2027,6,1,8039,202
2027,1,1,8047,0
2027,2,1,8047,0
2027,3,1,8047,15
2027,4,1,8047,0
2027,5,1,8047,3
2027,6,1,8047,12
2027,1,1,8059,113
2027,2,1,8059,141
2027,3,1,8059,3060
2027,4,1,8059,11
2027,5,1,8059,596
2027,6,1,8059,5123
2027,1,1,8123,3
2027,2,1,8123,9
2027,3,1,8123,332
2027,4,1,8123,1
2027,5,1,8123,37
2027,6,1,8123,322
2028,1,1,8001,249
2028,2,1,8001,374
2028,3,1,8001,7405
2028,4,1,8001,36
2028,5,1,8001,1073
2028,6,1,8001,5498
2028,1,1,8005,96
2028,2,1,8005,160
2028,3,1,8005,2942
2028,4,1,8005,21
2028,5,1,8005,637
2028,6,1,8005,11253
2028,1,1,8013,91
2028,2,1,8013,101
2028,3,1,8013,1381
2028,4,1,8013,10
2028,5,1,8013,372
2028,6,1,8013,3311
2028,1,1,8014,10
2028,2,1,8014,10
2028,3,1,8014,219
2028,4,1,8014,0
2028,5,1,8014,43
2028,6,1,8014,379
2028,1,1,8019,1
2028,2,1,8019,1
2028,3,1,8019,47
2028,4,1,8019,1
2028,5,1,8019,7
2028,6,1,8019,67
2028,1,1,8031,120
2028,2,1,8031,208
2028,3,1,8031,2673
2028,4,1,8031,29
2028,5,1,8031,492
2028,6,1,8031,5883
2028,1,1,8035,84
2028,2,1,8035,123
2028,3,1,8035,2047
2028,4,1,8035,5
2028,5,1,8035,382
2028,6,1,8035,3691
2028,1,1,8039,4
2028,2,1,8039,10
2028,3,1,8039,198
2028,4,1,8039,0
2028,5,1,8039,17
2028,6,1,8039,202
2028,1,1,8047,0
2028,2,1,8047,0
2028,3,1,8047,15
2028,4,1,8047,0
2028,5,1,8047,3
2028,6,1,8047,12
2028,1,1,8059,113
2028,2,1,8059,139
2028,3,1,8059,3040
2028,4,1,8059,11
2028,5,1,8059,594
2028,6,1,8059,5099
2028,1,1,8123,3
2028,2,1,8123,9
2028,3,1,8123,332
2028,4,1,8123,1
2028,5,1,8123,37
2028,6,1,8123,326
2029,1,1,8001,255
2029,2,1,8001,373
2029,3,1,8001,7589
2029,4,1,8001,38
2029,5,1,8001,1073
2029,6,1,8001,5640
2029,1,1,8005,98
2029,2,1,8005,168
2029,3,1,8005,2942
2029,4,1,8005,20
2029,5,1,8005,673
2029,6,1,8005,11457
2029,1,1,8013,90
2029,2,1,8013,101
2029,3,1,8013,1379
2029,4,1,8013,10
2029,5,1,8013,369
2029,6,1,8013,3292
2029,1,1,8014,10
2029,2,1,8014,10
2029,3,1,8014,218
2029,4,1,8014,0
2029,5,1,8014,41
2029,6,1,8014,377
2029,1,1,8019,1
2029,2,1,8019,1
2029,3,1,8019,47
2029,4,1,8019,1
2029,5,1,8019,7
2029,6,1,8019,66
2029,1,1,8031,122
2029,2,1,8031,212
2029,3,1,8031,2696
2029,4,1,8031,29
2029,5,1,8031,496
2029,6,1,8031,5930
2029,1,1,8035,82
2029,2,1,8035,124
2029,3,1,8035,2057
2029,4,1,8035,5
2029,5,1,8035,384
2029,6,1,8035,3698
2029,1,1,8039,4
2029,2,1,8039,10
2029,3,1,8039,201
2029,4,1,8039,0
2029,5,1,8039,18
2029,6,1,8039,200
2029,1,1,8047,0
2029,2,1,8047,0
2029,3,1,8047,15
2029,4,1,8047,0
2029,5,1,8047,3
2029,6,1,8047,12
2029,1,1,8059,113
2029,2,1,8059,138
2029,3,1,8059,3021
2029,4,1,8059,11
2029,5,1,8059,592
2029,6,1,8059,5070
2029,1,1,8123,3
2029,2,1,8123,9
2029,3,1,8123,333
2029,4,1,8123,1
2029,5,1,8123,37
2029,6,1,8123,328
2030,1,1,8001,263
2030,2,1,8001,386
2030,3,1,8001,7777
2030,4,1,8001,39
2030,5,1,8001,1110
2030,6,1,8001,5759
2030,1,1,8005,99
2030,2,1,8005,166
2030,3,1,8005,2957
2030,4,1,8005,20
2030,5,1,8005,671
2030,6,1,8005,11654
2030,1,1,8013,89
2030,2,1,8013,101
2030,3,1,8013,1369
2030,4,1,8013,10
2030,5,1,8013,368
2030,6,1,8013,3280
2030,1,1,8014,10
2030,2,1,8014,10
2030,3,1,8014,217
2030,4,1,8014,0
2030,5,1,8014,40
2030,6,1,8014,374
2030,1,1,8019,1
2030,2,1,8019,1
2030,3,1,8019,46
2030,4,1,8019,1
2030,5,1,8019,7
2030,6,1,8019,66
2030,1,1,8031,122
2030,2,1,8031,212
2030,3,1,8031,2705
2030,4,1,8031,29
2030,5,1,8031,498
2030,6,1,8031,5953
2030,1,1,8035,83
2030,2,1,8035,123
2030,3,1,8035,2070
2030,4,1,8035,5
2030,5,1,8035,389
2030,6,1,8035,3751
2030,1,1,8039,5
2030,2,1,8039,10
2030,3,1,8039,202
2030,4,1,8039,0
2030,5,1,8039,18
2030,6,1,8039,205
2030,1,1,8047,0
2030,2,1,8047,0
2030,3,1,8047,15
2030,4,1,8047,0
2030,5,1,8047,3
2030,6,1,8047,12
2030,1,1,8059,111
2030,2,1,8059,137
2030,3,1,8059,3007
2030,4,1,8059,11
2030,5,1,8059,588
2030,6,1,8059,5037
2030,1,1,8123,3
2030,2,1,8123,11
2030,3,1,8123,332
2030,4,1,8123,1
2030,5,1,8123,37
2030,6,1,8123,329
2031,1,1,8001,265
2031,2,1,8001,385
2031,3,1,8001,7970
2031,4,1,8001,40
2031,5,1,8001,1133
2031,6,1,8001,5882
2031,1,1,8005,103
2031,2,1,8005,178
2031,3,1,8005,2962
2031,4,1,8005,20
2031,5,1,8005,683
2031,6,1,8005,11890
2031,1,1,8013,89
2031,2,1,8013,101
2031,3,1,8013,1366
2031,4,1,8013,10
2031,5,1,8013,367
2031,6,1,8013,3273
2031,1,1,8014,10
2031,2,1,8014,10
2031,3,1,8014,216
2031,4,1,8014,0
2031,5,1,8014,40
2031,6,1,8014,373
2031,1,1,8019,1
2031,2,1,8019,1
2031,3,1,8019,46
2031,4,1,8019,1
2031,5,1,8019,7
2031,6,1,8019,66
2031,1,1,8031,124
2031,2,1,8031,212
2031,3,1,8031,2727
2031,4,1,8031,29
2031,5,1,8031,504
2031,6,1,8031,5990
2031,1,1,8035,84
2031,2,1,8035,124
2031,3,1,8035,2083
2031,4,1,8035,5
2031,5,1,8035,389
2031,6,1,8035,3762
2031,1,1,8039,5
2031,2,1,8039,10
2031,3,1,8039,202
2031,4,1,8039,0
2031,5,1,8039,18
2031,6,1,8039,209
2031,1,1,8047,0
2031,2,1,8047,0
2031,3,1,8047,15
2031,4,1,8047,0
2031,5,1,8047,3
2031,6,1,8047,12
2031,1,1,8059,110
2031,2,1,8059,137
2031,3,1,8059,2992
2031,4,1,8059,11
2031,5,1,8059,587
2031,6,1,8059,5012
2031,1,1,8123,3
2031,2,1,8123,11
2031,3,1,8123,333
2031,4,1,8123,1
2031,5,1,8123,37
2031,6,1,8123,330
2032,1,1,8001,274
2032,2,1,8001,394
2032,3,1,8001,8170
2032,4,1,8001,44
2032,5,1,8001,1170
2032,6,1,8001,6018
2032,1,1,8005,101
2032,2,1,8005,177
2032,3,1,8005,2956
2032,4,1,8005,17
2032,5,1,8005,683
2032,6,1,8005,12118
2032,1,1,8013,88
2032,2,1,8013,101
2032,3,1,8013,1361
2032,4,1,8013,10
2032,5,1,8013,365
2032,6,1,8013,3259
2032,1,1,8014,10
2032,2,1,8014,10
2032,3,1,8014,216
2032,4,1,8014,0
2032,5,1,8014,40
2032,6,1,8014,372
2032,1,1,8019,1
2032,2,1,8019,1
2032,3,1,8019,46
2032,4,1,8019,1
2032,5,1,8019,7
2032,6,1,8019,65
2032,1,1,8031,125
2032,2,1,8031,216
2032,3,1,8031,2751
2032,4,1,8031,29
2032,5,1,8031,507
2032,6,1,8031,6001
2032,1,1,8035,85
2032,2,1,8035,124
2032,3,1,8035,2101
2032,4,1,8035,5
2032,5,1,8035,393
2032,6,1,8035,3796
2032,1,1,8039,5
2032,2,1,8039,10
2032,3,1,8039,205
2032,4,1,8039,1
2032,5,1,8039,18
2032,6,1,8039,216
2032,1,1,8047,0
2032,2,1,8047,0
2032,3,1,8047,15
2032,4,1,8047,0
2032,5,1,8047,3
2032,6,1,8047,12
2032,1,1,8059,110
2032,2,1,8059,136
2032,3,1,8059,2971
2032,4,1,8059,11
2032,5,1,8059,583
2032,6,1,8059,4989
2032,1,1,8123,3
2032,2,1,8123,12
2032,3,1,8123,336
2032,4,1,8123,1
2032,5,1,8123,37
2032,6,1,8123,332
2033,1,1,8001,281
2033,2,1,8001,407
2033,3,1,8001,8361
2033,4,1,8001,44
2033,5,1,8001,1201
2033,6,1,8001,6113
2033,1,1,8005,101
2033,2,1,8005,176
2033,3,1,8005,2967
2033,4,1,8005,17
2033,5,1,8005,683
2033,6,1,8005,12398
2033,1,1,8013,88
2033,2,1,8013,101
2033,3,1,8013,1355
2033,4,1,8013,11
2033,5,1,8013,363
2033,6,1,8013,3246
2033,1,1,8014,10
2033,2,1,8014,10
2033,3,1,8014,214
2033,4,1,8014,0
2033,5,1,8014,40
2033,6,1,8014,370
2033,1,1,8019,1
2033,2,1,8019,1
2033,3,1,8019,46
2033,4,1,8019,1
2033,5,1,8019,7
2033,6,1,8019,65
2033,1,1,8031,126
2033,2,1,8031,218
2033,3,1,8031,2768
2033,4,1,8031,29
2033,5,1,8031,516
2033,6,1,8031,6031
2033,1,1,8035,87
2033,2,1,8035,123
2033,3,1,8035,2117
2033,4,1,8035,5
2033,5,1,8035,396
2033,6,1,8035,3819
2033,1,1,8039,5
2033,2,1,8039,10
2033,3,1,8039,206
2033,4,1,8039,1
2033,5,1,8039,18
2033,6,1,8039,216
2033,1,1,8047,0
2033,2,1,8047,0
2033,3,1,8047,15
2033,4,1,8047,0
2033,5,1,8047,3
2033,6,1,8047,12
2033,1,1,8059,108
2033,2,1,8059,136
2033,3,1,8059,2956
2033,4,1,8059,11
2033,5,1,8059,581
2033,6,1,8059,4953
2033,1,1,8123,4
2033,2,1,8123,12
2033,3,1,8123,338
2033,4,1,8123,1
2033,5,1,8123,37
2033,6,1,8123,334
2034,1,1,8001,291
2034,2,1,8001,409
2034,3,1,8001,8554
2034,4,1,8001,45
2034,5,1,8001,1203
2034,6,1,8001,6250
2034,1,1,8005,99
2034,2,1,8005,186
2034,3,1,8005,2963
2034,4,1,8005,17
2034,5,1,8005,721
2034,6,1,8005,12612
2034,1,1,8013,88
2034,2,1,8013,101
2034,3,1,8013,1350
2034,4,1,8013,11
2034,5,1,8013,362
2034,6,1,8013,3228
2034,1,1,8014,10
2034,2,1,8014,10
2034,3,1,8014,213
2034,4,1,8014,0
2034,5,1,8014,39
2034,6,1,8014,365
2034,1,1,8019,1
2034,2,1,8019,1
2034,3,1,8019,46
2034,4,1,8019,1
2034,5,1,8019,7
2034,6,1,8019,65
2034,1,1,8031,128
2034,2,1,8031,218
2034,3,1,8031,2796
2034,4,1,8031,29
2034,5,1,8031,517
2034,6,1,8031,6066
2034,1,1,8035,86
2034,2,1,8035,123
2034,3,1,8035,2128
2034,4,1,8035,5
2034,5,1,8035,399
2034,6,1,8035,3850
2034,1,1,8039,5
2034,2,1,8039,10
2034,3,1,8039,213
2034,4,1,8039,1
2034,5,1,8039,20
2034,6,1,8039,221
2034,1,1,8047,0
2034,2,1,8047,0
2034,3,1,8047,15
2034,4,1,8047,0
2034,5,1,8047,2
2034,6,1,8047,12
2034,1,1,8059,107
2034,2,1,8059,136
2034,3,1,8059,2941
2034,4,1,8059,11
2034,5,1,8059,577
2034,6,1,8059,4930
2034,1,1,8123,4
2034,2,1,8123,12
2034,3,1,8123,339
2034,4,1,8123,1
2034,5,1,8123,37
2034,6,1,8123,337
2035,1,1,8001,298
2035,2,1,8001,422
2035,3,1,8001,8752
2035,4,1,8001,46
2035,5,1,8001,1248
2035,6,1,8001,6342
2035,1,1,8005,99
2035,2,1,8005,186
2035,3,1,8005,2971
2035,4,1,8005,16
2035,5,1,8005,719
2035,6,1,8005,12869
2035,1,1,8013,86
2035,2,1,8013,101
2035,3,1,8013,1349
2035,4,1,8013,11
2035,5,1,8013,358
2035,6,1,8013,3217
2035,1,1,8014,10
2035,2,1,8014,10
2035,3,1,8014,212
2035,4,1,8014,0
2035,5,1,8014,39
2035,6,1,8014,364
2035,1,1,8019,1
2035,2,1,8019,1
2035,3,1,8019,46
2035,4,1,8019,1
2035,5,1,8019,7
2035,6,1,8019,64
2035,1,1,8031,130
2035,2,1,8031,217
2035,3,1,8031,2796
2035,4,1,8031,29
2035,5,1,8031,518
2035,6,1,8031,6099
2035,1,1,8035,87
2035,2,1,8035,124
2035,3,1,8035,2148
2035,4,1,8035,6
2035,5,1,8035,403
2035,6,1,8035,3871
2035,1,1,8039,5
2035,2,1,8039,10
2035,3,1,8039,215
2035,4,1,8039,1
2035,5,1,8039,20
2035,6,1,8039,230
2035,1,1,8047,0
2035,2,1,8047,0
2035,3,1,8047,15
2035,4,1,8047,0
2035,5,1,8047,2
2035,6,1,8047,12
2035,1,1,8059,107
2035,2,1,8059,135
2035,3,1,8059,2928
2035,4,1,8059,11
2035,5,1,8059,572
2035,6,1,8059,4906
2035,1,1,8123,4
2035,2,1,8123,12
2035,3,1,8123,342
2035,4,1,8123,1
2035,5,1,8123,37
2035,6,1,8123,341
2036,1,1,8001,297
2036,2,1,8001,427
2036,3,1,8001,8928
2036,4,1,8001,46
2036,5,1,8001,1291
2036,6,1,8001,6436
2036,1,1,8005,107
2036,2,1,8005,195
2036,3,1,8005,2985
2036,4,1,8005,16
2036,5,1,8005,708
2036,6,1,8005,13128
2036,1,1,8013,86
2036,2,1,8013,101
2036,3,1,8013,1349
2036,4,1,8013,10
2036,5,1,8013,357
2036,6,1,8013,3204
2036,1,1,8014,10
2036,2,1,8014,10
2036,3,1,8014,212
2036,4,1,8014,0
2036,5,1,8014,39
2036,6,1,8014,360
2036,1,1,8019,1
2036,2,1,8019,1
2036,3,1,8019,46
2036,4,1,8019,1
2036,5,1,8019,7
2036,6,1,8019,63
2036,1,1,8031,130
2036,2,1,8031,217
2036,3,1,8031,2816
2036,4,1,8031,31
2036,5,1,8031,525
2036,6,1,8031,6137
2036,1,1,8035,89
2036,2,1,8035,122
2036,3,1,8035,2166
2036,4,1,8035,6
2036,5,1,8035,404
2036,6,1,8035,3888
2036,1,1,8039,5
2036,2,1,8039,10
2036,3,1,8039,220
2036,4,1,8039,1
2036,5,1,8039,22
2036,6,1,8039,233
2036,1,1,8047,0
2036,2,1,8047,0
2036,3,1,8047,15
2036,4,1,8047,0
2036,5,1,8047,2
2036,6,1,8047,12
2036,1,1,8059,107
2036,2,1,8059,135
2036,3,1,8059,2907
2036,4,1,8059,11
2036,5,1,8059,569
2036,6,1,8059,4889
2036,1,1,8123,3
2036,2,1,8123,12
2036,3,1,8123,342
2036,4,1,8123,1
2036,5,1,8123,37
2036,6,1,8123,338
2037,1,1,8001,305
2037,2,1,8001,442
2037,3,1,8001,9123
2037,4,1,8001,46
2037,5,1,8001,1327
2037,6,1,8001,6543
2037,1,1,8005,107
2037,2,1,8005,193
2037,3,1,8005,2990
2037,4,1,8005,18
2037,5,1,8005,707
2037,6,1,8005,13381
2037,1,1,8013,86
2037,2,1,8013,100
2037,3,1,8013,1345
2037,4,1,8013,10
2037,5,1,8013,357
2037,6,1,8013,3195
2037,1,1,8014,10
2037,2,1,8014,10
2037,3,1,8014,212
2037,4,1,8014,0
2037,5,1,8014,39
2037,6,1,8014,359
2037,1,1,8019,1
2037,2,1,8019,1
2037,3,1,8019,45
2037,4,1,8019,1
2037,5,1,8019,7
2037,6,1,8019,63
2037,1,1,8031,130
2037,2,1,8031,217
2037,3,1,8031,2829
2037,4,1,8031,31
2037,5,1,8031,529
2037,6,1,8031,6174
2037,1,1,8035,89
2037,2,1,8035,122
2037,3,1,8035,2175
2037,4,1,8035,6
2037,5,1,8035,406
2037,6,1,8035,3901
2037,1,1,8039,5
2037,2,1,8039,10
2037,3,1,8039,223
2037,4,1,8039,1
2037,5,1,8039,22
2037,6,1,8039,232
2037,1,1,8047,0
2037,2,1,8047,0
2037,3,1,8047,15
2037,4,1,8047,0
2037,5,1,8047,2
2037,6,1,8047,12
2037,1,1,8059,107
2037,2,1,8059,134
2037,3,1,8059,2898
2037,4,1,8059,11
2037,5,1,8059,566
2037,6,1,8059,4862
2037,1,1,8123,3
2037,2,1,8123,12
2037,3,1,8123,342
2037,4,1,8123,1
2037,5,1,8123,37
2037,6,1,8123,339
2038,1,1,8001,313
2038,2,1,8001,453
2038,3,1,8001,9309
2038,4,1,8001,48
2038,5,1,8001,1367
2038,6,1,8001,6644
2038,1,1,8005,109
2038,2,1,8005,192
2038,3,1,8005,2988
2038,4,1,8005,16
2038,5,1,8005,704
2038,6,1,8005,13609
2038,1,1,8013,85
2038,2,1,8013,100
2038,3,1,8013,1345
2038,4,1,8013,10
2038,5,1,8013,354
2038,6,1,8013,3179
2038,1,1,8014,10
2038,2,1,8014,10
2038,3,1,8014,211
2038,4,1,8014,0
2038,5,1,8014,39
2038,6,1,8014,358
2038,1,1,8019,1
2038,2,1,8019,1
2038,3,1,8019,45
2038,4,1,8019,1
2038,5,1,8019,7
2038,6,1,8019,62
2038,1,1,8031,130
2038,2,1,8031,218
2038,3,1,8031,2846
2038,4,1,8031,31
2038,5,1,8031,529
2038,6,1,8031,6206
2038,1,1,8035,88
2038,2,1,8035,124
2038,3,1,8035,2193
2038,4,1,8035,7
2038,5,1,8035,410
2038,6,1,8035,3934
2038,1,1,8039,5
2038,2,1,8039,10
2038,3,1,8039,226
2038,4,1,8039,1
2038,5,1,8039,23
2038,6,1,8039,241
2038,1,1,8047,0
2038,2,1,8047,0
2038,3,1,8047,15
2038,4,1,8047,0
2038,5,1,8047,2
2038,6,1,8047,12
2038,1,1,8059,107
2038,2,1,8059,133
2038,3,1,8059,2890
2038,4,1,8059,11
2038,5,1,8059,565
2038,6,1,8059,4843
2038,1,1,8123,3
2038,2,1,8123,12
2038,3,1,8123,341
2038,4,1,8123,1
2038,5,1,8123,37
2038,6,1,8123,345
2039,1,1,8001,320
2039,2,1,8001,455
2039,3,1,8001,9500
2039,4,1,8001,49
2039,5,1,8001,1378
2039,6,1,8001,6750
2039,1,1,8005,110
2039,2,1,8005,204
2039,3,1,8005,2988
2039,4,1,8005,16
2039,5,1,8005,725
2039,6,1,8005,13852
2039,1,1,8013,84
2039,2,1,8013,100
2039,3,1,8013,1345
2039,4,1,8013,10
2039,5,1,8013,355
2039,6,1,8013,3169
2039,1,1,8014,9
2039,2,1,8014,10
2039,3,1,8014,210
2039,4,1,8014,0
2039,5,1,8014,39
2039,6,1,8014,357
2039,1,1,8019,1
2039,2,1,8019,1
2039,3,1,8019,44
2039,4,1,8019,1
2039,5,1,8019,7
2039,6,1,8019,62
2039,1,1,8031,130
2039,2,1,8031,218
2039,3,1,8031,2874
2039,4,1,8031,31
2039,5,1,8031,537
2039,6,1,8031,6233
2039,1,1,8035,90
2039,2,1,8035,124
2039,3,1,8035,2209
2039,4,1,8035,7
2039,5,1,8035,409
2039,6,1,8035,3969
2039,1,1,8039,5
2039,2,1,8039,10
2039,3,1,8039,226
2039,4,1,8039,1
2039,5,1,8039,24
2039,6,1,8039,243
2039,1,1,8047,0
2039,2,1,8047,0
2039,3,1,8047,14
2039,4,1,8047,0
2039,5,1,8047,2
2039,6,1,8047,12
2039,1,1,8059,107
2039,2,1,8059,131
2039,3,1,8059,2871
2039,4,1,8059,11
2039,5,1,8059,563
2039,6,1,8059,4816
2039,1,1,8123,3
2039,2,1,8123,12
2039,3,1,8123,340
2039,4,1,8123,1
2039,5,1,8123,37
2039,6,1,8123,343
2040,1,1,8001,324
2040,2,1,8001,457
2040,3,1,8001,9691
2040,4,1,8001,50
2040,5,1,8001,1417
2040,6,1,8001,6854
2040,1,1,8005,115
2040,2,1,8005,211
2040,3,1,8005,2998
2040,4,1,8005,16
2040,5,1,8005,723
2040,6,1,8005,14106
2040,1,1,8013,83
2040,2,1,8013,100
2040,3,1,8013,1337
2040,4,1,8013,10
2040,5,1,8013,355
2040,6,1,8013,3160
2040,1,1,8014,9
2040,2,1,8014,12
2040,3,1,8014,205
2040,4,1,8014,0
2040,5,1,8014,39
2040,6,1,8014,356
2040,1,1,8019,1
2040,2,1,8019,1
2040,3,1,8019,44
2040,4,1,8019,1
2040,5,1,8019,7
2040,6,1,8019,62
2040,1,1,8031,131
2040,2,1,8031,218
2040,3,1,8031,2901
2040,4,1,8031,31
2040,5,1,8031,543
2040,6,1,8031,6272
2040,1,1,8035,89
2040,2,1,8035,126
2040,3,1,8035,2225
2040,4,1,8035,7
2040,5,1,8035,410
2040,6,1,8035,3986
2040,1,1,8039,5
2040,2,1,8039,10
2040,3,1,8039,226
2040,4,1,8039,1
2040,5,1,8039,24
2040,6,1,8039,243
2040,1,1,8047,0
2040,2,1,8047,0
2040,3,1,8047,14
2040,4,1,8047,0
2040,5,1,8047,2
2040,6,1,8047,12
2040,1,1,8059,107
2040,2,1,8059,130
2040,3,1,8059,2852
2040,4,1,8059,11
2040,5,1,8059,557
2040,6,1,8059,4785
2040,1,1,8123,3
2040,2,1,8123,12
2040,3,1,8123,340
2040,4,1,8123,1
2040,5,1,8123,37
2040,6,1,8123,343
2011,1,0,8001,14160
2011,2,0,8001,2527
2011,3,0,8001,66355
2011,4,0,8001,14130
2011,5,0,8001,23389
2011,6,0,8001,59546
2011,1,0,8005,21824
2011,2,0,8005,5234
2011,3,0,8005,50723
2011,4,0,8005,23110
2011,5,0,8005,39545
2011,6,0,8005,179092
2011,1,0,8013,16984
2011,2,0,8013,3909
2011,3,0,8013,32950
2011,4,0,8013,15116
2011,5,0,8013,21360
2011,6,0,8013,82522
2011,1,0,8014,1878
2011,2,0,8014,402
2011,3,0,8014,7723
2011,4,0,8014,2768
2011,5,0,8014,6399
2011,6,0,8014,16280
2011,1,0,8019,219
2011,2,0,8019,508
2011,3,0,8019,1028
2011,4,0,8019,442
2011,5,0,8019,344
2011,6,0,8019,629
2011,1,0,8031,30518
2011,2,0,8031,8125
2011,3,0,8031,108937
2011,4,0,8031,38354
2011,5,0,8031,45323
2011,6,0,8031,255501
2011,1,0,8035,9727
2011,2,0,8035,2803
2011,3,0,8035,19034
2011,4,0,8035,11557
2011,5,0,8035,19646
2011,6,0,8035,58737
2011,1,0,8039,14
2011,2,0,8039,10
2011,3,0,8039,307
2011,4,0,8039,32
2011,5,0,8039,117
2011,6,0,8039,231
2011,1,0,8047,115
2011,2,0,8047,3196
2011,3,0,8047,269
2011,4,0,8047,129
2011,5,0,8047,2072
2011,6,0,8047,783
2011,1,0,8059,17718
2011,2,0,8059,6379
2011,3,0,8059,50933
2011,4,0,8059,21380
2011,5,0,8059,36475
2011,6,0,8059,117410
2011,1,0,8123,1130
2011,2,0,8123,358
2011,3,0,8123,8487
2011,4,0,8123,977
2011,5,0,8123,1629
2011,6,0,8123,3955
2012,1,0,8001,14669
2012,2,0,8001,2606
2012,3,0,8001,68633
2012,4,0,8001,14662
2012,5,0,8001,24215
2012,6,0,8001,62295
2012,1,0,8005,22371
2012,2,0,8005,5263
2012,3,0,8005,50906
2012,4,0,8005,23623
2012,5,0,8005,40469
2012,6,0,8005,182284
2012,1,0,8013,17210
2012,2,0,8013,3896
2012,3,0,8013,33969
2012,4,0,8013,15573
2012,5,0,8013,21809
2012,6,0,8013,84384
2012,1,0,8014,2009
2012,2,0,8014,402
2012,3,0,8014,8232
2012,4,0,8014,2955
2012,5,0,8014,6814
2012,6,0,8014,17387
2012,1,0,8019,219
2012,2,0,8019,508
2012,3,0,8019,1027
2012,4,0,8019,442
2012,5,0,8019,344
2012,6,0,8019,622
2012,1,0,8031,30992
2012,2,0,8031,8135
2012,3,0,8031,111286
2012,4,0,8031,38819
2012,5,0,8031,46218
2012,6,0,8031,258044
2012,1,0,8035,10092
2012,2,0,8035,2811
2012,3,0,8035,19868
2012,4,0,8035,12087
2012,5,0,8035,20410
2012,6,0,8035,61099
2012,1,0,8039,15
2012,2,0,8039,10
2012,3,0,8039,321
2012,4,0,8039,32
2012,5,0,8039,129
2012,6,0,8039,263
2012,1,0,8047,115
2012,2,0,8047,3825
2012,3,0,8047,266
2012,4,0,8047,129
2012,5,0,8047,2072
2012,6,0,8047,783
2012,1,0,8059,17971
2012,2,0,8059,6367
2012,3,0,8059,51095
2012,4,0,8059,21445
2012,5,0,8059,36400
2012,6,0,8059,117253
2012,1,0,8123,1166
2012,2,0,8123,358
2012,3,0,8123,8733
2012,4,0,8123,1019
2012,5,0,8123,1673
2012,6,0,8123,4088
2013,1,0,8001,15357
2013,2,0,8001,2717
2013,3,0,8001,70945
2013,4,0,8001,15304
2013,5,0,8001,25272
2013,6,0,8001,65416
2013,1,0,8005,22922
2013,2,0,8005,5377
2013,3,0,8005,51718
2013,4,0,8005,24168
2013,5,0,8005,41372
2013,6,0,8005,186029
2013,1,0,8013,17262
2013,2,0,8013,3884
2013,3,0,8013,34700
2013,4,0,8013,15940
2013,5,0,8013,22536
2013,6,0,8013,86587
2013,1,0,8014,2151
2013,2,0,8014,426
2013,3,0,8014,8815
2013,4,0,8014,3148
2013,5,0,8014,7277
2013,6,0,8014,18603
2013,1,0,8019,219
2013,2,0,8019,508
2013,3,0,8019,1027
2013,4,0,8019,432
2013,5,0,8019,344
2013,6,0,8019,628
2013,1,0,8031,31441
2013,2,0,8031,8328
2013,3,0,8031,112992
2013,4,0,8031,39179
2013,5,0,8031,46435
2013,6,0,8031,262113
2013,1,0,8035,10512
2013,2,0,8035,2875
2013,3,0,8035,20928
2013,4,0,8035,12525
2013,5,0,8035,21253
2013,6,0,8035,63754
2013,1,0,8039,15
2013,2,0,8039,10
2013,3,0,8039,336
2013,4,0,8039,32
2013,5,0,8039,136
2013,6,0,8039,291
2013,1,0,8047,115
2013,2,0,8047,4074
2013,3,0,8047,263
2013,4,0,8047,129
2013,5,0,8047,2072
2013,6,0,8047,783
2013,1,0,8059,18138
2013,2,0,8059,6350
2013,3,0,8059,51203
2013,4,0,8059,21641
2013,5,0,8059,36367
2013,6,0,8059,117942
2013,1,0,8123,1132
2013,2,0,8123,358
2013,3,0,8123,9030
2013,4,0,8123,1050
2013,5,0,8123,1718
2013,6,0,8123,4248
2014,1,0,8001,16053
2014,2,0,8001,2812
2014,3,0,8001,73421
2014,4,0,8001,15876
2014,5,0,8001,26234
2014,6,0,8001,68165
2014,1,0,8005,23574
2014,2,0,8005,5588
2014,3,0,8005,52750
2014,4,0,8005,24786
2014,5,0,8005,42322
2014,6,0,8005,189804
2014,1,0,8013,17262
2014,2,0,8013,4234
2014,3,0,8013,35291
2014,4,0,8013,16417
2014,5,0,8013,23171
2014,6,0,8013,88709
2014,1,0,8014,2293
2014,2,0,8014,459
2014,3,0,8014,9398
2014,4,0,8014,3347
2014,5,0,8014,7750
2014,6,0,8014,19803
2014,1,0,8019,219
2014,2,0,8019,508
2014,3,0,8019,1010
2014,4,0,8019,432
2014,5,0,8019,344
2014,6,0,8019,696
2014,1,0,8031,31725
2014,2,0,8031,8320
2014,3,0,8031,113656
2014,4,0,8031,39547
2014,5,0,8031,46950
2014,6,0,8031,267119
2014,1,0,8035,10922
2014,2,0,8035,2936
2014,3,0,8035,21779
2014,4,0,8035,12783
2014,5,0,8035,22087
2014,6,0,8035,66428
2014,1,0,8039,15
2014,2,0,8039,10
2014,3,0,8039,349
2014,4,0,8039,32
2014,5,0,8039,142
2014,6,0,8039,304
2014,1,0,8047,115
2014,2,0,8047,4074
2014,3,0,8047,263
2014,4,0,8047,129
2014,5,0,8047,2072
2014,6,0,8047,783
2014,1,0,8059,18463
2014,2,0,8059,6337
2014,3,0,8059,52067
2014,4,0,8059,21861
2014,5,0,8059,36152
2014,6,0,8059,118779
2014,1,0,8123,1136
2014,2,0,8123,358
2014,3,0,8123,9317
2014,4,0,8123,1083
2014,5,0,8123,1781
2014,6,0,8123,4418
2015,1,0,8001,16686
2015,2,0,8001,2862
2015,3,0,8001,75616
2015,4,0,8001,16518
2015,5,0,8001,27129
2015,6,0,8001,70535
2015,1,0,8005,24043
2015,2,0,8005,5602
2015,3,0,8005,53646
2015,4,0,8005,25142
2015,5,0,8005,43469
2015,6,0,8005,193407
2015,1,0,8013,17257
2015,2,0,8013,4178
2015,3,0,8013,36192
2015,4,0,8013,16714
2015,5,0,8013,23425
2015,6,0,8013,90694
2015,1,0,8014,2429
2015,2,0,8014,459
2015,3,0,8014,9903
2015,4,0,8014,3521
2015,5,0,8014,8183
2015,6,0,8014,20904
2015,1,0,8019,219
2015,2,0,8019,508
2015,3,0,8019,1009
2015,4,0,8019,441
2015,5,0,8019,344
2015,6,0,8019,694
2015,1,0,8031,32505
2015,2,0,8031,8388
2015,3,0,8031,114910
2015,4,0,8031,40261
2015,5,0,8031,47808
2015,6,0,8031,271260
2015,1,0,8035,11380
2015,2,0,8035,2989
2015,3,0,8035,22513
2015,4,0,8035,13156
2015,5,0,8035,22807
2015,6,0,8035,68811
2015,1,0,8039,15
2015,2,0,8039,10
2015,3,0,8039,357
2015,4,0,8039,32
2015,5,0,8039,142
2015,6,0,8039,334
2015,1,0,8047,115
2015,2,0,8047,4074
2015,3,0,8047,263
2015,4,0,8047,129
2015,5,0,8047,2072
2015,6,0,8047,783
2015,1,0,8059,18422
2015,2,0,8059,6302
2015,3,0,8059,52959
2015,4,0,8059,22040
2015,5,0,8059,36098
2015,6,0,8059,119761
2015,1,0,8123,1167
2015,2,0,8123,358
2015,3,0,8123,9605
2015,4,0,8123,1141
2015,5,0,8123,1838
2015,6,0,8123,4641
2016,1,0,8001,17018
2016,2,0,8001,3021
2016,3,0,8001,77359
2016,4,0,8001,17014
2016,5,0,8001,27842
2016,6,0,8001,72757
2016,1,0,8005,24452
2016,2,0,8005,5678
2016,3,0,8005,54494
2016,4,0,8005,25456
2016,5,0,8005,44164
2016,6,0,8005,195656
2016,1,0,8013,17257
2016,2,0,8013,4245
2016,3,0,8013,36727
2016,4,0,8013,16871
2016,5,0,8013,23486
2016,6,0,8013,91954
2016,1,0,8014,2532
2016,2,0,8014,485
2016,3,0,8014,10296
2016,4,0,8014,3652
2016,5,0,8014,8534
2016,6,0,8014,21778
2016,1,0,8019,219
2016,2,0,8019,508
2016,3,0,8019,1006
2016,4,0,8019,398
2016,5,0,8019,344
2016,6,0,8019,695
2016,1,0,8031,33203
2016,2,0,8031,8741
2016,3,0,8031,116011
2016,4,0,8031,40931
2016,5,0,8031,48665
2016,6,0,8031,273885
2016,1,0,8035,11664
2016,2,0,8035,3152
2016,3,0,8035,23130
2016,4,0,8035,13395
2016,5,0,8035,23313
2016,6,0,8035,70910
2016,1,0,8039,15
2016,2,0,8039,10
2016,3,0,8039,365
2016,4,0,8039,39
2016,5,0,8039,147
2016,6,0,8039,365
2016,1,0,8047,115
2016,2,0,8047,4322
2016,3,0,8047,259
2016,4,0,8047,129
2016,5,0,8047,2072
2016,6,0,8047,780
2016,1,0,8059,18422
2016,2,0,8059,6294
2016,3,0,8059,53042
2016,4,0,8059,22097
2016,5,0,8059,36029
2016,6,0,8059,120670
2016,1,0,8123,1183
2016,2,0,8123,425
2016,3,0,8123,9845
2016,4,0,8123,1160
2016,5,0,8123,1864
2016,6,0,8123,4778
2017,1,0,8001,17512
2017,2,0,8001,3103
2017,3,0,8001,78947
2017,4,0,8001,17441
2017,5,0,8001,28493
2017,6,0,8001,74901
2017,1,0,8005,25007
2017,2,0,8005,5747
2017,3,0,8005,55167
2017,4,0,8005,25759
2017,5,0,8005,44814
2017,6,0,8005,197699
2017,1,0,8013,17322
2017,2,0,8013,4245
2017,3,0,8013,37152
2017,4,0,8013,17101
2017,5,0,8013,23837
2017,6,0,8013,93215
2017,1,0,8014,2631
2017,2,0,8014,510
2017,3,0,8014,10628
2017,4,0,8014,3782
2017,5,0,8014,8868
2017,6,0,8014,22542
2017,1,0,8019,219
2017,2,0,8019,508
2017,3,0,8019,1006
2017,4,0,8019,398
2017,5,0,8019,344
2017,6,0,8019,695
2017,1,0,8031,33556
2017,2,0,8031,8869
2017,3,0,8031,117062
2017,4,0,8031,41352
2017,5,0,8031,49068
2017,6,0,8031,277084
2017,1,0,8035,11961
2017,2,0,8035,3252
2017,3,0,8035,23980
2017,4,0,8035,13713
2017,5,0,8035,23836
2017,6,0,8035,72736
2017,1,0,8039,15
2017,2,0,8039,10
2017,3,0,8039,372
2017,4,0,8039,45
2017,5,0,8039,151
2017,6,0,8039,405
2017,1,0,8047,113
2017,2,0,8047,4322
2017,3,0,8047,259
2017,4,0,8047,129
2017,5,0,8047,2070
2017,6,0,8047,780
2017,1,0,8059,18242
2017,2,0,8059,6290
2017,3,0,8059,53436
2017,4,0,8059,22315
2017,5,0,8059,36200
2017,6,0,8059,121362
2017,1,0,8123,1209
2017,2,0,8123,433
2017,3,0,8123,10044
2017,4,0,8123,1173
2017,5,0,8123,1917
2017,6,0,8123,4893
2018,1,0,8001,17983
2018,2,0,8001,3164
2018,3,0,8001,80703
2018,4,0,8001,17972
2018,5,0,8001,29182
2018,6,0,8001,77113
2018,1,0,8005,25057
2018,2,0,8005,5847
2018,3,0,8005,55638
2018,4,0,8005,25958
2018,5,0,8005,45632
2018,6,0,8005,199863
2018,1,0,8013,17352
2018,2,0,8013,4240
2018,3,0,8013,37552
2018,4,0,8013,17249
2018,5,0,8013,24210
2018,6,0,8013,94127
2018,1,0,8014,2734
2018,2,0,8014,530
2018,3,0,8014,11044
2018,4,0,8014,3935
2018,5,0,8014,9202
2018,6,0,8014,23458
2018,1,0,8019,219
2018,2,0,8019,508
2018,3,0,8019,1002
2018,4,0,8019,398
2018,5,0,8019,339
2018,6,0,8019,686
2018,1,0,8031,34023
2018,2,0,8031,8939
2018,3,0,8031,118449
2018,4,0,8031,41601
2018,5,0,8031,49587
2018,6,0,8031,280925
2018,1,0,8035,12427
2018,2,0,8035,3308
2018,3,0,8035,24718
2018,4,0,8035,14189
2018,5,0,8035,24251
2018,6,0,8035,74835
2018,1,0,8039,15
2018,2,0,8039,10
2018,3,0,8039,376
2018,4,0,8039,45
2018,5,0,8039,165
2018,6,0,8039,433
2018,1,0,8047,113
2018,2,0,8047,4322
2018,3,0,8047,256
2018,4,0,8047,122
2018,5,0,8047,2070
2018,6,0,8047,779
2018,1,0,8059,18493
2018,2,0,8059,6504
2018,3,0,8059,53676
2018,4,0,8059,22590
2018,5,0,8059,36130
2018,6,0,8059,121821
2018,1,0,8123,1248
2018,2,0,8123,432
2018,3,0,8123,10253
2018,4,0,8123,1200
2018,5,0,8123,1959
2018,6,0,8123,5014
2019,1,0,8001,18391
2019,2,0,8001,3250
2019,3,0,8001,82410
2019,4,0,8001,18577
2019,5,0,8001,29840
2019,6,0,8001,79429
2019,1,0,8005,25413
2019,2,0,8005,5979
2019,3,0,8005,56508
2019,4,0,8005,26424
2019,5,0,8005,46273
2019,6,0,8005,201592
2019,1,0,8013,17529
2019,2,0,8013,4349
2019,3,0,8013,37900
2019,4,0,8013,17333
2019,5,0,8013,24650
2019,6,0,8013,94895
2019,1,0,8014,2834
2019,2,0,8014,555
2019,3,0,8014,11461
2019,4,0,8014,4086
2019,5,0,8014,9531
2019,6,0,8014,24352
2019,1,0,8019,219
2019,2,0,8019,508
2019,3,0,8019,1002
2019,4,0,8019,398
2019,5,0,8019,339
2019,6,0,8019,686
2019,1,0,8031,34219
2019,2,0,8031,9224
2019,3,0,8031,119381
2019,4,0,8031,42026
2019,5,0,8031,49733
2019,6,0,8031,284975
2019,1,0,8035,12737
2019,2,0,8035,3444
2019,3,0,8035,25483
2019,4,0,8035,14318
2019,5,0,8035,24909
2019,6,0,8035,77003
2019,1,0,8039,15
2019,2,0,8039,11
2019,3,0,8039,410
2019,4,0,8039,45
2019,5,0,8039,163
2019,6,0,8039,461
2019,1,0,8047,113
2019,2,0,8047,4322
2019,3,0,8047,256
2019,4,0,8047,122
2019,5,0,8047,2070
2019,6,0,8047,776
2019,1,0,8059,18842
2019,2,0,8059,6423
2019,3,0,8059,53940
2019,4,0,8059,22748
2019,5,0,8059,36315
2019,6,0,8059,122173
2019,1,0,8123,1277
2019,2,0,8123,441
2019,3,0,8123,10461
2019,4,0,8123,1224
2019,5,0,8123,2015
2019,6,0,8123,5133
2020,1,0,8001,18803
2020,2,0,8001,3308
2020,3,0,8001,83980
2020,4,0,8001,18981
2020,5,0,8001,30441
2020,6,0,8001,81388
2020,1,0,8005,25736
2020,2,0,8005,6220
2020,3,0,8005,57216
2020,4,0,8005,26680
2020,5,0,8005,46879
2020,6,0,8005,203312
2020,1,0,8013,17637
2020,2,0,8013,4335
2020,3,0,8013,38097
2020,4,0,8013,17447
2020,5,0,8013,24716
2020,6,0,8013,96064
2020,1,0,8014,2939
2020,2,0,8014,555
2020,3,0,8014,11891
2020,4,0,8014,4231
2020,5,0,8014,9851
2020,6,0,8014,25263
2020,1,0,8019,219
2020,2,0,8019,508
2020,3,0,8019,1002
2020,4,0,8019,398
2020,5,0,8019,333
2020,6,0,8019,686
2020,1,0,8031,34716
2020,2,0,8031,9459
2020,3,0,8031,121053
2020,4,0,8031,42687
2020,5,0,8031,50229
2020,6,0,8031,288356
2020,1,0,8035,13042
2020,2,0,8035,3444
2020,3,0,8035,26164
2020,4,0,8035,14667
2020,5,0,8035,25482
2020,6,0,8035,79089
2020,1,0,8039,15
2020,2,0,8039,11
2020,3,0,8039,421
2020,4,0,8039,45
2020,5,0,8039,163
2020,6,0,8039,479
2020,1,0,8047,113
2020,2,0,8047,4322
2020,3,0,8047,256
2020,4,0,8047,122
2020,5,0,8047,2070
2020,6,0,8047,776
2020,1,0,8059,18865
2020,2,0,8059,6413
2020,3,0,8059,53986
2020,4,0,8059,22849
2020,5,0,8059,36812
2020,6,0,8059,123064
2020,1,0,8123,1303
2020,2,0,8123,441
2020,3,0,8123,10684
2020,4,0,8123,1239
2020,5,0,8123,2064
2020,6,0,8123,5245
2021,1,0,8001,19901
2021,2,0,8001,3429
2021,3,0,8001,85497
2021,4,0,8001,19348
2021,5,0,8001,31012
2021,6,0,8001,83228
2021,1,0,8005,25820
2021,2,0,8005,6271
2021,3,0,8005,57590
2021,4,0,8005,26914
2021,5,0,8005,46958
2021,6,0,8005,204842
2021,1,0,8013,17637
2021,2,0,8013,4340
2021,3,0,8013,38259
2021,4,0,8013,17718
2021,5,0,8013,24723
2021,6,0,8013,96546
2021,1,0,8014,2939
2021,2,0,8014,573
2021,3,0,8014,12253
2021,4,0,8014,4352
2021,5,0,8014,10064
2021,6,0,8014,25931
2021,1,0,8019,219
2021,2,0,8019,505
2021,3,0,8019,1002
2021,4,0,8019,398
2021,5,0,8019,318
2021,6,0,8019,670
2021,1,0,8031,34763
2021,2,0,8031,9594
2021,3,0,8031,121948
2021,4,0,8031,42877
2021,5,0,8031,51000
2021,6,0,8031,291534
2021,1,0,8035,13248
2021,2,0,8035,3492
2021,3,0,8035,26639
2021,4,0,8035,14962
2021,5,0,8035,26049
2021,6,0,8035,80825
2021,1,0,8039,15
2021,2,0,8039,11
2021,3,0,8039,426
2021,4,0,8039,45
2021,5,0,8039,175
2021,6,0,8039,503
2021,1,0,8047,113
2021,2,0,8047,4322
2021,3,0,8047,256
2021,4,0,8047,122
2021,5,0,8047,2070
2021,6,0,8047,776
2021,1,0,8059,18852
2021,2,0,8059,6492
2021,3,0,8059,54495
2021,4,0,8059,22959
2021,5,0,8059,37029
2021,6,0,8059,123563
2021,1,0,8123,1313
2021,2,0,8123,441
2021,3,0,8123,10836
2021,4,0,8123,1256
2021,5,0,8123,2105
2021,6,0,8123,5345
2022,1,0,8001,21039
2022,2,0,8001,3570
2022,3,0,8001,86936
2022,4,0,8001,19774
2022,5,0,8001,31526
2022,6,0,8001,84788
2022,1,0,8005,25961
2022,2,0,8005,6266
2022,3,0,8005,57544
2022,4,0,8005,27095
2022,5,0,8005,47356
2022,6,0,8005,206410
2022,1,0,8013,17642
2022,2,0,8013,4344
2022,3,0,8013,38730
2022,4,0,8013,17992
2022,5,0,8013,24677
2022,6,0,8013,97090
2022,1,0,8014,2939
2022,2,0,8014,593
2022,3,0,8014,12605
2022,4,0,8014,4468
2022,5,0,8014,10338
2022,6,0,8014,26666
2022,1,0,8019,219
2022,2,0,8019,505
2022,3,0,8019,1001
2022,4,0,8019,398
2022,5,0,8019,318
2022,6,0,8019,670
2022,1,0,8031,34859
2022,2,0,8031,9618
2022,3,0,8031,122917
2022,4,0,8031,43048
2022,5,0,8031,51838
2022,6,0,8031,294799
2022,1,0,8035,13442
2022,2,0,8035,3571
2022,3,0,8035,27081
2022,4,0,8035,15260
2022,5,0,8035,26535
2022,6,0,8035,82679
2022,1,0,8039,15
2022,2,0,8039,11
2022,3,0,8039,430
2022,4,0,8039,54
2022,5,0,8039,165
2022,6,0,8039,537
2022,1,0,8047,113
2022,2,0,8047,4322
2022,3,0,8047,252
2022,4,0,8047,122
2022,5,0,8047,2070
2022,6,0,8047,771
2022,1,0,8059,18805
2022,2,0,8059,6633
2022,3,0,8059,55235
2022,4,0,8059,23133
2022,5,0,8059,37081
2022,6,0,8059,123859
2022,1,0,8123,1313
2022,2,0,8123,440
2022,3,0,8123,10923
2022,4,0,8123,1287
2022,5,0,8123,2154
2022,6,0,8123,5427
2023,1,0,8001,21446
2023,2,0,8001,3682
2023,3,0,8001,88479
2023,4,0,8001,20210
2023,5,0,8001,32048
2023,6,0,8001,86451
2023,1,0,8005,26313
2023,2,0,8005,6361
2023,3,0,8005,57222
2023,4,0,8005,27282
2023,5,0,8005,47933
2023,6,0,8005,208079
2023,1,0,8013,17615
2023,2,0,8013,4452
2023,3,0,8013,38946
2023,4,0,8013,18137
2023,5,0,8013,24729
2023,6,0,8013,97581
2023,1,0,8014,3017
2023,2,0,8014,613
2023,3,0,8014,12893
2023,4,0,8014,4590
2023,5,0,8014,10610
2023,6,0,8014,27473
2023,1,0,8019,219
2023,2,0,8019,505
2023,3,0,8019,1000
2023,4,0,8019,398
2023,5,0,8019,318
2023,6,0,8019,670
2023,1,0,8031,34780
2023,2,0,8031,9714
2023,3,0,8031,124408
2023,4,0,8031,43448
2023,5,0,8031,52008
2023,6,0,8031,298061
2023,1,0,8035,13687
2023,2,0,8035,3648
2023,3,0,8035,27778
2023,4,0,8035,15468
2023,5,0,8035,27169
2023,6,0,8035,84081
2023,1,0,8039,15
2023,2,0,8039,11
2023,3,0,8039,432
2023,4,0,8039,54
2023,5,0,8039,165
2023,6,0,8039,560
2023,1,0,8047,113
2023,2,0,8047,4322
2023,3,0,8047,252
2023,4,0,8047,122
2023,5,0,8047,2070
2023,6,0,8047,768
2023,1,0,8059,18802
2023,2,0,8059,6571
2023,3,0,8059,55549
2023,4,0,8059,23216
2023,5,0,8059,37338
2023,6,0,8059,124332
2023,1,0,8123,1313
2023,2,0,8123,445
2023,3,0,8123,11130
2023,4,0,8123,1316
2023,5,0,8123,2179
2023,6,0,8123,5543
2024,1,0,8001,21769
2024,2,0,8001,3787
2024,3,0,8001,90007
2024,4,0,8001,20573
2024,5,0,8001,32601
2024,6,0,8001,88270
2024,1,0,8005,26536
2024,2,0,8005,6465
2024,3,0,8005,57650
2024,4,0,8005,27566
2024,5,0,8005,48352
2024,6,0,8005,209493
2024,1,0,8013,17748
2024,2,0,8013,4467
2024,3,0,8013,39171
2024,4,0,8013,18272
2024,5,0,8013,24857
2024,6,0,8013,98181
2024,1,0,8014,3088
2024,2,0,8014,634
2024,3,0,8014,13234
2024,4,0,8014,4695
2024,5,0,8014,10853
2024,6,0,8014,28234
2024,1,0,8019,219
2024,2,0,8019,505
2024,3,0,8019,997
2024,4,0,8019,398
2024,5,0,8019,318
2024,6,0,8019,656
2024,1,0,8031,34883
2024,2,0,8031,9783
2024,3,0,8031,125322
2024,4,0,8031,43864
2024,5,0,8031,52555
2024,6,0,8031,299420
2024,1,0,8035,13960
2024,2,0,8035,3726
2024,3,0,8035,28247
2024,4,0,8035,15716
2024,5,0,8035,27702
2024,6,0,8035,86021
2024,1,0,8039,15
2024,2,0,8039,11
2024,3,0,8039,446
2024,4,0,8039,44
2024,5,0,8039,182
2024,6,0,8039,588
2024,1,0,8047,113
2024,2,0,8047,4322
2024,3,0,8047,252
2024,4,0,8047,122
2024,5,0,8047,2070
2024,6,0,8047,768
2024,1,0,8059,18930
2024,2,0,8059,6597
2024,3,0,8059,55875
2024,4,0,8059,23314
2024,5,0,8059,37381
2024,6,0,8059,126259
2024,1,0,8123,1331
2024,2,0,8123,452
2024,3,0,8123,11299
2024,4,0,8123,1336
2024,5,0,8123,2203
2024,6,0,8123,5614
2025,1,0,8001,22805
2025,2,0,8001,3845
2025,3,0,8001,91391
2025,4,0,8001,21048
2025,5,0,8001,33129
2025,6,0,8001,89927
2025,1,0,8005,26906
2025,2,0,8005,6484
2025,3,0,8005,57861
2025,4,0,8005,27942
2025,5,0,8005,48451
2025,6,0,8005,211314
2025,1,0,8013,17806
2025,2,0,8013,4528
2025,3,0,8013,39560
2025,4,0,8013,18253
2025,5,0,8013,24949
2025,6,0,8013,98568
2025,1,0,8014,3170
2025,2,0,8014,655
2025,3,0,8014,13574
2025,4,0,8014,4761
2025,5,0,8014,11136
2025,6,0,8014,28945
2025,1,0,8019,219
2025,2,0,8019,505
2025,3,0,8019,997
2025,4,0,8019,398
2025,5,0,8019,315
2025,6,0,8019,656
2025,1,0,8031,34831
2025,2,0,8031,9852
2025,3,0,8031,126584
2025,4,0,8031,44210
2025,5,0,8031,53482
2025,6,0,8031,302689
2025,1,0,8035,14397
2025,2,0,8035,3814
2025,3,0,8035,28733
2025,4,0,8035,16016
2025,5,0,8035,28284
2025,6,0,8035,87741
2025,1,0,8039,15
2025,2,0,8039,11
2025,3,0,8039,451
2025,4,0,8039,44
2025,5,0,8039,183
2025,6,0,8039,592
2025,1,0,8047,113
2025,2,0,8047,4322
2025,3,0,8047,252
2025,4,0,8047,122
2025,5,0,8047,2068
2025,6,0,8047,768
2025,1,0,8059,19138
2025,2,0,8059,6649
2025,3,0,8059,56091
2025,4,0,8059,23385
2025,5,0,8059,37328
2025,6,0,8059,126485
2025,1,0,8123,1330
2025,2,0,8123,460
2025,3,0,8123,11464
2025,4,0,8123,1356
2025,5,0,8123,2255
2025,6,0,8123,5722
2026,1,0,8001,23047
2026,2,0,8001,3958
2026,3,0,8001,92884
2026,4,0,8001,21324
2026,5,0,8001,33645
2026,6,0,8001,91385
2026,1,0,8005,27198
2026,2,0,8005,6480
2026,3,0,8005,58339
2026,4,0,8005,28187
2026,5,0,8005,48744
2026,6,0,8005,214190
2026,1,0,8013,17840
2026,2,0,8013,4528
2026,3,0,8013,39730
2026,4,0,8013,18372
2026,5,0,8013,25051
2026,6,0,8013,100153
2026,1,0,8014,3250
2026,2,0,8014,655
2026,3,0,8014,13884
2026,4,0,8014,4833
2026,5,0,8014,11186
2026,6,0,8014,29567
2026,1,0,8019,219
2026,2,0,8019,505
2026,3,0,8019,985
2026,4,0,8019,398
2026,5,0,8019,315
2026,6,0,8019,656
2026,1,0,8031,35099
2026,2,0,8031,10032
2026,3,0,8031,127523
2026,4,0,8031,44600
2026,5,0,8031,54344
2026,6,0,8031,303864
2026,1,0,8035,14625
2026,2,0,8035,3823
2026,3,0,8035,29259
2026,4,0,8035,16340
2026,5,0,8035,28695
2026,6,0,8035,89269
2026,1,0,8039,21
2026,2,0,8039,11
2026,3,0,8039,468
2026,4,0,8039,44
2026,5,0,8039,183
2026,6,0,8039,611
2026,1,0,8047,113
2026,2,0,8047,4322
2026,3,0,8047,252
2026,4,0,8047,122
2026,5,0,8047,2068
2026,6,0,8047,765
2026,1,0,8059,19238
2026,2,0,8059,6574
2026,3,0,8059,56159
2026,4,0,8059,23538
2026,5,0,8059,37415
2026,6,0,8059,126759
2026,1,0,8123,1330
2026,2,0,8123,457
2026,3,0,8123,11525
2026,4,0,8123,1374
2026,5,0,8123,2283
2026,6,0,8123,5806
2027,1,0,8001,23389
2027,2,0,8001,3980
2027,3,0,8001,94364
2027,4,0,8001,21761
2027,5,0,8001,33991
2027,6,0,8001,93371
2027,1,0,8005,27571
2027,2,0,8005,6488
2027,3,0,8005,58662
2027,4,0,8005,28524
2027,5,0,8005,49362
2027,6,0,8005,215407
2027,1,0,8013,17874
2027,2,0,8013,4740
2027,3,0,8013,39771
2027,4,0,8013,18483
2027,5,0,8013,25398
2027,6,0,8013,101975
2027,1,0,8014,3337
2027,2,0,8014,676
2027,3,0,8014,14235
2027,4,0,8014,4952
2027,5,0,8014,11446
2027,6,0,8014,30250
2027,1,0,8019,219
2027,2,0,8019,505
2027,3,0,8019,985
2027,4,0,8019,398
2027,5,0,8019,315
2027,6,0,8019,656
2027,1,0,8031,35341
2027,2,0,8031,10106
2027,3,0,8031,129176
2027,4,0,8031,44819
2027,5,0,8031,54592
2027,6,0,8031,304786
2027,1,0,8035,14871
2027,2,0,8035,3904
2027,3,0,8035,29801
2027,4,0,8035,16598
2027,5,0,8035,29351
2027,6,0,8035,90966
2027,1,0,8039,27
2027,2,0,8039,11
2027,3,0,8039,478
2027,4,0,8039,55
2027,5,0,8039,195
2027,6,0,8039,621
2027,1,0,8047,113
2027,2,0,8047,4322
2027,3,0,8047,252
2027,4,0,8047,122
2027,5,0,8047,2068
2027,6,0,8047,765
2027,1,0,8059,19475
2027,2,0,8059,6779
2027,3,0,8059,56169
2027,4,0,8059,23616
2027,5,0,8059,37427
2027,6,0,8059,127953
2027,1,0,8123,1353
2027,2,0,8123,464
2027,3,0,8123,11670
2027,4,0,8123,1392
2027,5,0,8123,2315
2027,6,0,8123,5899
2028,1,0,8001,23697
2028,2,0,8001,4042
2028,3,0,8001,95917
2028,4,0,8001,22090
2028,5,0,8001,34611
2028,6,0,8001,95112
2028,1,0,8005,27756
2028,2,0,8005,6566
2028,3,0,8005,59183
2028,4,0,8005,28650
2028,5,0,8005,49807
2028,6,0,8005,216546
2028,1,0,8013,17909
2028,2,0,8013,4726
2028,3,0,8013,40064
2028,4,0,8013,18613
2028,5,0,8013,25493
2028,6,0,8013,103580
2028,1,0,8014,3418
2028,2,0,8014,695
2028,3,0,8014,14537
2028,4,0,8014,5083
2028,5,0,8014,11607
2028,6,0,8014,30837
2028,1,0,8019,219
2028,2,0,8019,505
2028,3,0,8019,985
2028,4,0,8019,395
2028,5,0,8019,315
2028,6,0,8019,649
2028,1,0,8031,35745
2028,2,0,8031,10359
2028,3,0,8031,129996
2028,4,0,8031,45227
2028,5,0,8031,55212
2028,6,0,8031,306107
2028,1,0,8035,15149
2028,2,0,8035,3940
2028,3,0,8035,30294
2028,4,0,8035,16916
2028,5,0,8035,29847
2028,6,0,8035,92387
2028,1,0,8039,27
2028,2,0,8039,11
2028,3,0,8039,491
2028,4,0,8039,67
2028,5,0,8039,195
2028,6,0,8039,647
2028,1,0,8047,113
2028,2,0,8047,4322
2028,3,0,8047,252
2028,4,0,8047,122
2028,5,0,8047,2068
2028,6,0,8047,767
2028,1,0,8059,19532
2028,2,0,8059,6686
2028,3,0,8059,56261
2028,4,0,8059,23732
2028,5,0,8059,37415
2028,6,0,8059,129003
2028,1,0,8123,1361
2028,2,0,8123,464
2028,3,0,8123,11837
2028,4,0,8123,1409
2028,5,0,8123,2326
2028,6,0,8123,5948
2029,1,0,8001,24076
2029,2,0,8001,4093
2029,3,0,8001,97285
2029,4,0,8001,22528
2029,5,0,8001,35197
2029,6,0,8001,96609
2029,1,0,8005,27997
2029,2,0,8005,6644
2029,3,0,8005,59349
2029,4,0,8005,28957
2029,5,0,8005,49942
2029,6,0,8005,219952
2029,1,0,8013,17998
2029,2,0,8013,4726
2029,3,0,8013,40182
2029,4,0,8013,18751
2029,5,0,8013,25759
2029,6,0,8013,105300
2029,1,0,8014,3502
2029,2,0,8014,714
2029,3,0,8014,14872
2029,4,0,8014,5185
2029,5,0,8014,11884
2029,6,0,8014,31515
2029,1,0,8019,219
2029,2,0,8019,505
2029,3,0,8019,975
2029,4,0,8019,395
2029,5,0,8019,315
2029,6,0,8019,649
2029,1,0,8031,35990
2029,2,0,8031,10538
2029,3,0,8031,130943
2029,4,0,8031,45551
2029,5,0,8031,55501
2029,6,0,8031,307661
2029,1,0,8035,15411
2029,2,0,8035,3959
2029,3,0,8035,30968
2029,4,0,8035,17202
2029,5,0,8035,30253
2029,6,0,8035,93743
2029,1,0,8039,29
2029,2,0,8039,11
2029,3,0,8039,497
2029,4,0,8039,71
2029,5,0,8039,200
2029,6,0,8039,669
2029,1,0,8047,113
2029,2,0,8047,4322
2029,3,0,8047,251
2029,4,0,8047,122
2029,5,0,8047,2068
2029,6,0,8047,762
2029,1,0,8059,19609
2029,2,0,8059,6679
2029,3,0,8059,56871
2029,4,0,8059,23712
2029,5,0,8059,37815
2029,6,0,8059,128998
2029,1,0,8123,1361
2029,2,0,8123,474
2029,3,0,8123,11998
2029,4,0,8123,1417
2029,5,0,8123,2348
2029,6,0,8123,6033
2030,1,0,8001,24464
2030,2,0,8001,4272
2030,3,0,8001,98543
2030,4,0,8001,22803
2030,5,0,8001,35750
2030,6,0,8001,98474
2030,1,0,8005,28271
2030,2,0,8005,6823
2030,3,0,8005,59804
2030,4,0,8005,29035
2030,5,0,8005,50385
2030,6,0,8005,220970
2030,1,0,8013,18046
2030,2,0,8013,4724
2030,3,0,8013,40267
2030,4,0,8013,18993
2030,5,0,8013,25872
2030,6,0,8013,105695
2030,1,0,8014,3585
2030,2,0,8014,729
2030,3,0,8014,15137
2030,4,0,8014,5288
2030,5,0,8014,12110
2030,6,0,8014,32102
2030,1,0,8019,219
2030,2,0,8019,505
2030,3,0,8019,975
2030,4,0,8019,395
2030,5,0,8019,310
2030,6,0,8019,649
2030,1,0,8031,36295
2030,2,0,8031,10633
2030,3,0,8031,132232
2030,4,0,8031,45923
2030,5,0,8031,56055
2030,6,0,8031,309791
2030,1,0,8035,15510
2030,2,0,8035,4060
2030,3,0,8035,31582
2030,4,0,8035,17503
2030,5,0,8035,30825
2030,6,0,8035,95383
2030,1,0,8039,29
2030,2,0,8039,11
2030,3,0,8039,511
2030,4,0,8039,72
2030,5,0,8039,210
2030,6,0,8039,703
2030,1,0,8047,113
2030,2,0,8047,4322
2030,3,0,8047,251
2030,4,0,8047,122
2030,5,0,8047,2068
2030,6,0,8047,762
2030,1,0,8059,19903
2030,2,0,8059,6699
2030,3,0,8059,57020
2030,4,0,8059,23909
2030,5,0,8059,37819
2030,6,0,8059,130689
2030,1,0,8123,1395
2030,2,0,8123,479
2030,3,0,8123,12179
2030,4,0,8123,1439
2030,5,0,8123,2369
2030,6,0,8123,6128
2031,1,0,8001,24822
2031,2,0,8001,4326
2031,3,0,8001,100355
2031,4,0,8001,23150
2031,5,0,8001,36369
2031,6,0,8001,100571
2031,1,0,8005,28395
2031,2,0,8005,6818
2031,3,0,8005,60261
2031,4,0,8005,29245
2031,5,0,8005,50436
2031,6,0,8005,222804
2031,1,0,8013,18110
2031,2,0,8013,4713
2031,3,0,8013,40346
2031,4,0,8013,19044
2031,5,0,8013,26169
2031,6,0,8013,106393
2031,1,0,8014,3676
2031,2,0,8014,751
2031,3,0,8014,15488
2031,4,0,8014,5369
2031,5,0,8014,12408
2031,6,0,8014,32839
2031,1,0,8019,219
2031,2,0,8019,505
2031,3,0,8019,973
2031,4,0,8019,395
2031,5,0,8019,300
2031,6,0,8019,646
2031,1,0,8031,36673
2031,2,0,8031,10705
2031,3,0,8031,132926
2031,4,0,8031,46430
2031,5,0,8031,56706
2031,6,0,8031,312657
2031,1,0,8035,15728
2031,2,0,8035,4156
2031,3,0,8035,32265
2031,4,0,8035,17820
2031,5,0,8035,31372
2031,6,0,8035,96833
2031,1,0,8039,29
2031,2,0,8039,11
2031,3,0,8039,527
2031,4,0,8039,72
2031,5,0,8039,219
2031,6,0,8039,735
2031,1,0,8047,113
2031,2,0,8047,4322
2031,3,0,8047,249
2031,4,0,8047,116
2031,5,0,8047,2067
2031,6,0,8047,761
2031,1,0,8059,20150
2031,2,0,8059,6760
2031,3,0,8059,57391
2031,4,0,8059,24106
2031,5,0,8059,37934
2031,6,0,8059,131452
2031,1,0,8123,1414
2031,2,0,8123,483
2031,3,0,8123,12363
2031,4,0,8123,1459
2031,5,0,8123,2406
2031,6,0,8123,6173
2032,1,0,8001,25082
2032,2,0,8001,4386
2032,3,0,8001,101811
2032,4,0,8001,23495
2032,5,0,8001,36928
2032,6,0,8001,102639
2032,1,0,8005,28691
2032,2,0,8005,6910
2032,3,0,8005,60728
2032,4,0,8005,29553
2032,5,0,8005,50887
2032,6,0,8005,224466
2032,1,0,8013,18155
2032,2,0,8013,4938
2032,3,0,8013,40573
2032,4,0,8013,19170
2032,5,0,8013,26214
2032,6,0,8013,106903
2032,1,0,8014,3764
2032,2,0,8014,772
2032,3,0,8014,15803
2032,4,0,8014,5486
2032,5,0,8014,12704
2032,6,0,8014,33547
2032,1,0,8019,219
2032,2,0,8019,505
2032,3,0,8019,973
2032,4,0,8019,395
2032,5,0,8019,299
2032,6,0,8019,646
2032,1,0,8031,37154
2032,2,0,8031,10790
2032,3,0,8031,134100
2032,4,0,8031,46887
2032,5,0,8031,57155
2032,6,0,8031,315411
2032,1,0,8035,16043
2032,2,0,8035,4251
2032,3,0,8035,32960
2032,4,0,8035,18073
2032,5,0,8035,31868
2032,6,0,8035,98682
2032,1,0,8039,31
2032,2,0,8039,11
2032,3,0,8039,531
2032,4,0,8039,81
2032,5,0,8039,225
2032,6,0,8039,765
2032,1,0,8047,113
2032,2,0,8047,4322
2032,3,0,8047,249
2032,4,0,8047,116
2032,5,0,8047,2065
2032,6,0,8047,761
2032,1,0,8059,20218
2032,2,0,8059,6780
2032,3,0,8059,57540
2032,4,0,8059,24204
2032,5,0,8059,38219
2032,6,0,8059,132273
2032,1,0,8123,1435
2032,2,0,8123,491
2032,3,0,8123,12562
2032,4,0,8123,1469
2032,5,0,8123,2436
2032,6,0,8123,6262
2033,1,0,8001,25507
2033,2,0,8001,4451
2033,3,0,8001,103655
2033,4,0,8001,23798
2033,5,0,8001,37429
2033,6,0,8001,104240
2033,1,0,8005,28936
2033,2,0,8005,6976
2033,3,0,8005,60896
2033,4,0,8005,29850
2033,5,0,8005,51525
2033,6,0,8005,226146
2033,1,0,8013,18150
2033,2,0,8013,4938
2033,3,0,8013,40782
2033,4,0,8013,19267
2033,5,0,8013,26170
2033,6,0,8013,108676
2033,1,0,8014,3757
2033,2,0,8014,793
2033,3,0,8014,16118
2033,4,0,8014,5613
2033,5,0,8014,12973
2033,6,0,8014,34280
2033,1,0,8019,219
2033,2,0,8019,505
2033,3,0,8019,973
2033,4,0,8019,395
2033,5,0,8019,299
2033,6,0,8019,646
2033,1,0,8031,37503
2033,2,0,8031,10919
2033,3,0,8031,135450
2033,4,0,8031,47505
2033,5,0,8031,57815
2033,6,0,8031,317733
2033,1,0,8035,16313
2033,2,0,8035,4290
2033,3,0,8035,33616
2033,4,0,8035,18204
2033,5,0,8035,32101
2033,6,0,8035,100291
2033,1,0,8039,31
2033,2,0,8039,11
2033,3,0,8039,529
2033,4,0,8039,85
2033,5,0,8039,222
2033,6,0,8039,790
2033,1,0,8047,113
2033,2,0,8047,4322
2033,3,0,8047,249
2033,4,0,8047,116
2033,5,0,8047,2065
2033,6,0,8047,761
2033,1,0,8059,20418
2033,2,0,8059,6797
2033,3,0,8059,57723
2033,4,0,8059,24328
2033,5,0,8059,38318
2033,6,0,8059,132746
2033,1,0,8123,1445
2033,2,0,8123,491
2033,3,0,8123,12511
2033,4,0,8123,1489
2033,5,0,8123,2475
2033,6,0,8123,6416
2034,1,0,8001,25904
2034,2,0,8001,4518
2034,3,0,8001,105360
2034,4,0,8001,24108
2034,5,0,8001,38044
2034,6,0,8001,105908
2034,1,0,8005,29227
2034,2,0,8005,6971
2034,3,0,8005,61531
2034,4,0,8005,30253
2034,5,0,8005,51677
2034,6,0,8005,228031
2034,1,0,8013,18170
2034,2,0,8013,4937
2034,3,0,8013,40881
2034,4,0,8013,19339
2034,5,0,8013,26302
2034,6,0,8013,109478
2034,1,0,8014,3847
2034,2,0,8014,792
2034,3,0,8014,16491
2034,4,0,8014,5739
2034,5,0,8014,13285
2034,6,0,8014,35037
2034,1,0,8019,219
2034,2,0,8019,505
2034,3,0,8019,971
2034,4,0,8019,395
2034,5,0,8019,299
2034,6,0,8019,646
2034,1,0,8031,37940
2034,2,0,8031,11148
2034,3,0,8031,136301
2034,4,0,8031,47919
2034,5,0,8031,58623
2034,6,0,8031,321104
2034,1,0,8035,16581
2034,2,0,8035,4359
2034,3,0,8035,34256
2034,4,0,8035,18492
2034,5,0,8035,32678
2034,6,0,8035,101557
2034,1,0,8039,31
2034,2,0,8039,12
2034,3,0,8039,542
2034,4,0,8039,85
2034,5,0,8039,233
2034,6,0,8039,811
2034,1,0,8047,113
2034,2,0,8047,4322
2034,3,0,8047,249
2034,4,0,8047,116
2034,5,0,8047,2065
2034,6,0,8047,754
2034,1,0,8059,20429
2034,2,0,8059,7007
2034,3,0,8059,57793
2034,4,0,8059,24441
2034,5,0,8059,38619
2034,6,0,8059,133417
2034,1,0,8123,1460
2034,2,0,8123,491
2034,3,0,8123,12689
2034,4,0,8123,1491
2034,5,0,8123,2511
2034,6,0,8123,6445
2035,1,0,8001,26164
2035,2,0,8001,4581
2035,3,0,8001,106769
2035,4,0,8001,24484
2035,5,0,8001,38623
2035,6,0,8001,107917
2035,1,0,8005,29585
2035,2,0,8005,7052
2035,3,0,8005,61998
2035,4,0,8005,30452
2035,5,0,8005,52057
2035,6,0,8005,229763
2035,1,0,8013,17991
2035,2,0,8013,4922
2035,3,0,8013,41311
2035,4,0,8013,19424
2035,5,0,8013,26407
2035,6,0,8013,111185
2035,1,0,8014,3936
2035,2,0,8014,809
2035,3,0,8014,16835
2035,4,0,8014,5855
2035,5,0,8014,13568
2035,6,0,8014,35736
2035,1,0,8019,219
2035,2,0,8019,505
2035,3,0,8019,971
2035,4,0,8019,395
2035,5,0,8019,299
2035,6,0,8019,628
2035,1,0,8031,38728
2035,2,0,8031,11199
2035,3,0,8031,137339
2035,4,0,8031,48525
2035,5,0,8031,59099
2035,6,0,8031,323287
2035,1,0,8035,16849
2035,2,0,8035,4426
2035,3,0,8035,34881
2035,4,0,8035,18854
2035,5,0,8035,33212
2035,6,0,8035,103329
2035,1,0,8039,31
2035,2,0,8039,12
2035,3,0,8039,559
2035,4,0,8039,85
2035,5,0,8039,231
2035,6,0,8039,836
2035,1,0,8047,113
2035,2,0,8047,4322
2035,3,0,8047,249
2035,4,0,8047,116
2035,5,0,8047,2063
2035,6,0,8047,754
2035,1,0,8059,20429
2035,2,0,8059,7074
2035,3,0,8059,58057
2035,4,0,8059,24382
2035,5,0,8059,38854
2035,6,0,8059,133631
2035,1,0,8123,1477
2035,2,0,8123,607
2035,3,0,8123,12864
2035,4,0,8123,1510
2035,5,0,8123,2549
2035,6,0,8123,6546
2036,1,0,8001,26480
2036,2,0,8001,4631
2036,3,0,8001,108164
2036,4,0,8001,24762
2036,5,0,8001,39094
2036,6,0,8001,109787
2036,1,0,8005,29717
2036,2,0,8005,7135
2036,3,0,8005,62231
2036,4,0,8005,30583
2036,5,0,8005,52701
2036,6,0,8005,231117
2036,1,0,8013,17988
2036,2,0,8013,4909
2036,3,0,8013,41575
2036,4,0,8013,19418
2036,5,0,8013,26257
2036,6,0,8013,111626
2036,1,0,8014,4023
2036,2,0,8014,792
2036,3,0,8014,17185
2036,4,0,8014,5939
2036,5,0,8014,13812
2036,6,0,8014,36454
2036,1,0,8019,219
2036,2,0,8019,505
2036,3,0,8019,971
2036,4,0,8019,395
2036,5,0,8019,299
2036,6,0,8019,628
2036,1,0,8031,39168
2036,2,0,8031,11410
2036,3,0,8031,138746
2036,4,0,8031,49080
2036,5,0,8031,59788
2036,6,0,8031,326983
2036,1,0,8035,17072
2036,2,0,8035,4501
2036,3,0,8035,35584
2036,4,0,8035,19274
2036,5,0,8035,33653
2036,6,0,8035,104701
2036,1,0,8039,31
2036,2,0,8039,12
2036,3,0,8039,556
2036,4,0,8039,89
2036,5,0,8039,234
2036,6,0,8039,883
2036,1,0,8047,113
2036,2,0,8047,4322
2036,3,0,8047,249
2036,4,0,8047,116
2036,5,0,8047,2063
2036,6,0,8047,754
2036,1,0,8059,20653
2036,2,0,8059,7076
2036,3,0,8059,58145
2036,4,0,8059,24606
2036,5,0,8059,38754
2036,6,0,8059,134298
2036,1,0,8123,1502
2036,2,0,8123,615
2036,3,0,8123,13019
2036,4,0,8123,1523
2036,5,0,8123,2551
2036,6,0,8123,6622
2037,1,0,8001,26812
2037,2,0,8001,4681
2037,3,0,8001,109633
2037,4,0,8001,25137
2037,5,0,8001,39520
2037,6,0,8001,111970
2037,1,0,8005,30040
2037,2,0,8005,7071
2037,3,0,8005,62672
2037,4,0,8005,30933
2037,5,0,8005,53182
2037,6,0,8005,232907
2037,1,0,8013,17956
2037,2,0,8013,4909
2037,3,0,8013,41808
2037,4,0,8013,19528
2037,5,0,8013,26303
2037,6,0,8013,113672
2037,1,0,8014,4110
2037,2,0,8014,810
2037,3,0,8014,17531
2037,4,0,8014,6058
2037,5,0,8014,14101
2037,6,0,8014,37008
2037,1,0,8019,336
2037,2,0,8019,503
2037,3,0,8019,971
2037,4,0,8019,395
2037,5,0,8019,298
2037,6,0,8019,628
2037,1,0,8031,39506
2037,2,0,8031,11529
2037,3,0,8031,139811
2037,4,0,8031,49473
2037,5,0,8031,60753
2037,6,0,8031,328924
2037,1,0,8035,17385
2037,2,0,8035,4567
2037,3,0,8035,36375
2037,4,0,8035,19509
2037,5,0,8035,34178
2037,6,0,8035,106241
2037,1,0,8039,32
2037,2,0,8039,12
2037,3,0,8039,568
2037,4,0,8039,100
2037,5,0,8039,245
2037,6,0,8039,911
2037,1,0,8047,113
2037,2,0,8047,4441
2037,3,0,8047,249
2037,4,0,8047,116
2037,5,0,8047,2063
2037,6,0,8047,755
2037,1,0,8059,20698
2037,2,0,8059,7260
2037,3,0,8059,58059
2037,4,0,8059,24687
2037,5,0,8059,38925
2037,6,0,8059,134181
2037,1,0,8123,1519
2037,2,0,8123,615
2037,3,0,8123,13245
2037,4,0,8123,1553
2037,5,0,8123,2587
2037,6,0,8123,6732
2038,1,0,8001,27062
2038,2,0,8001,4947
2038,3,0,8001,110998
2038,4,0,8001,25463
2038,5,0,8001,40109
2038,6,0,8001,113466
2038,1,0,8005,30156
2038,2,0,8005,7141
2038,3,0,8005,63368
2038,4,0,8005,31245
2038,5,0,8005,53504
2038,6,0,8005,234677
2038,1,0,8013,17997
2038,2,0,8013,4952
2038,3,0,8013,41983
2038,4,0,8013,19561
2038,5,0,8013,26444
2038,6,0,8013,113879
2038,1,0,8014,4147
2038,2,0,8014,831
2038,3,0,8014,17814
2038,4,0,8014,6195
2038,5,0,8014,14374
2038,6,0,8014,37724
2038,1,0,8019,336
2038,2,0,8019,503
2038,3,0,8019,967
2038,4,0,8019,395
2038,5,0,8019,298
2038,6,0,8019,625
2038,1,0,8031,39871
2038,2,0,8031,11632
2038,3,0,8031,141076
2038,4,0,8031,50125
2038,5,0,8031,61386
2038,6,0,8031,330990
2038,1,0,8035,17810
2038,2,0,8035,4648
2038,3,0,8035,36992
2038,4,0,8035,19664
2038,5,0,8035,34612
2038,6,0,8035,107857
2038,1,0,8039,39
2038,2,0,8039,12
2038,3,0,8039,571
2038,4,0,8039,100
2038,5,0,8039,267
2038,6,0,8039,930
2038,1,0,8047,113
2038,2,0,8047,4225
2038,3,0,8047,249
2038,4,0,8047,116
2038,5,0,8047,2061
2038,6,0,8047,755
2038,1,0,8059,20946
2038,2,0,8059,7302
2038,3,0,8059,58174
2038,4,0,8059,24749
2038,5,0,8059,39009
2038,6,0,8059,136071
2038,1,0,8123,1543
2038,2,0,8123,622
2038,3,0,8123,13405
2038,4,0,8123,1570
2038,5,0,8123,2620
2038,6,0,8123,6845
2039,1,0,8001,27459
2039,2,0,8001,5006
2039,3,0,8001,112584
2039,4,0,8001,25903
2039,5,0,8001,40735
2039,6,0,8001,115420
2039,1,0,8005,30464
2039,2,0,8005,7247
2039,3,0,8005,63940
2039,4,0,8005,31440
2039,5,0,8005,53686
2039,6,0,8005,236296
2039,1,0,8013,17930
2039,2,0,8013,4803
2039,3,0,8013,42400
2039,4,0,8013,19541
2039,5,0,8013,26609
2039,6,0,8013,114057
2039,1,0,8014,4239
2039,2,0,8014,850
2039,3,0,8014,18176
2039,4,0,8014,6287
2039,5,0,8014,14609
2039,6,0,8014,38462
2039,1,0,8019,336
2039,2,0,8019,503
2039,3,0,8019,967
2039,4,0,8019,395
2039,5,0,8019,297
2039,6,0,8019,623
2039,1,0,8031,40206
2039,2,0,8031,11994
2039,3,0,8031,141442
2039,4,0,8031,50612
2039,5,0,8031,62033
2039,6,0,8031,333424
2039,1,0,8035,18077
2039,2,0,8035,4749
2039,3,0,8035,37765
2039,4,0,8035,19950
2039,5,0,8035,35217
2039,6,0,8035,109479
2039,1,0,8039,39
2039,2,0,8039,12
2039,3,0,8039,586
2039,4,0,8039,113
2039,5,0,8039,264
2039,6,0,8039,961
2039,1,0,8047,113
2039,2,0,8047,4178
2039,3,0,8047,249
2039,4,0,8047,116
2039,5,0,8047,2061
2039,6,0,8047,755
2039,1,0,8059,21132
2039,2,0,8059,7314
2039,3,0,8059,58478
2039,4,0,8059,24932
2039,5,0,8059,39120
2039,6,0,8059,138161
2039,1,0,8123,1562
2039,2,0,8123,620
2039,3,0,8123,13571
2039,4,0,8123,1580
2039,5,0,8123,2669
2039,6,0,8123,6967
2040,1,0,8001,27825
2040,2,0,8001,5092
2040,3,0,8001,114043
2040,4,0,8001,26196
2040,5,0,8001,41296
2040,6,0,8001,117176
2040,1,0,8005,30547
2040,2,0,8005,7338
2040,3,0,8005,64441
2040,4,0,8005,31653
2040,5,0,8005,54111
2040,6,0,8005,239226
2040,1,0,8013,17930
2040,2,0,8013,4802
2040,3,0,8013,42633
2040,4,0,8013,19565
2040,5,0,8013,26667
2040,6,0,8013,115346
2040,1,0,8014,4326
2040,2,0,8014,870
2040,3,0,8014,18544
2040,4,0,8014,6417
2040,5,0,8014,14864
2040,6,0,8014,39147
2040,1,0,8019,336
2040,2,0,8019,503
2040,3,0,8019,967
2040,4,0,8019,395
2040,5,0,8019,297
2040,6,0,8019,703
2040,1,0,8031,40735
2040,2,0,8031,11991
2040,3,0,8031,142482
2040,4,0,8031,51209
2040,5,0,8031,62811
2040,6,0,8031,335051
2040,1,0,8035,18373
2040,2,0,8035,4816
2040,3,0,8035,38446
2040,4,0,8035,20205
2040,5,0,8035,35705
2040,6,0,8035,111130
2040,1,0,8039,39
2040,2,0,8039,12
2040,3,0,8039,612
2040,4,0,8039,113
2040,5,0,8039,260
2040,6,0,8039,985
2040,1,0,8047,113
2040,2,0,8047,4178
2040,3,0,8047,249
2040,4,0,8047,116
2040,5,0,8047,2061
2040,6,0,8047,755
2040,1,0,8059,21242
2040,2,0,8059,7400
2040,3,0,8059,58653
2040,4,0,8059,25093
2040,5,0,8059,39154
2040,6,0,8059,138270
2040,1,0,8123,1569
2040,2,0,8123,625
2040,3,0,8123,13713
2040,4,0,8123,1601
2040,5,0,8123,2713
2040,6,0,8123,7076
