TAZ_ID,zone_id,county,county_id
103030,104,Boulder,08013
103020,103,Boulder,08013
607860,2614,Douglas,08035
607840,2612,Douglas,08035
607830,2611,Douglas,08035
607880,2616,Douglas,08035
802023,2723,Weld,08123
802036,2724,Weld,08123
802040,2725,Weld,08123
802050,2726,Weld,08123
607870,2615,Douglas,08035
607790,2607,Douglas,08035
607800,2608,Douglas,08035
607850,2613,Douglas,08035
802060,2727,Weld,08123
802070,2728,Weld,08123
802080,2729,Weld,08123
607630,2591,Douglas,08035
607810,2609,Douglas,08035
607770,2605,Douglas,08035
607650,2593,Douglas,08035
607640,2592,Douglas,08035
802090,2730,Weld,08123
802100,2731,Weld,08123
802110,2732,Weld,08123
802120,2733,Weld,08123
607780,2606,Douglas,08035
607660,2594,Douglas,08035
607590,2587,Douglas,08035
607680,2596,Douglas,08035
607750,2603,Douglas,08035
607890,2617,Douglas,08035
607740,2602,Douglas,08035
607720,2600,Douglas,08035
802130,2734,Weld,08123
802140,2735,Weld,08123
802150,2736,Weld,08123
802160,2737,Weld,08123
802170,2738,Weld,08123
606390,2523,Douglas,08035
605480,2477,Douglas,08035
606400,2524,Douglas,08035
605490,2478,Douglas,08035
605450,2474,Douglas,08035
605460,2475,Douglas,08035
605520,2481,Douglas,08035
607570,2585,Douglas,08035
607510,2579,Douglas,08035
607580,2586,Douglas,08035
607500,2578,Douglas,08035
607480,2576,Douglas,08035
607670,2595,Douglas,08035
607540,2582,Douglas,08035
302040,879,Adams,08001
303010,910,Adams,08001
302030,878,Adams,08001
302020,877,Adams,08001
605420,2471,Douglas,08035
605410,2470,Douglas,08035
605400,2469,Douglas,08035
605440,2473,Douglas,08035
605500,2479,Douglas,08035
605510,2480,Douglas,08035
607190,2547,Douglas,08035
607200,2548,Douglas,08035
607180,2546,Douglas,08035
607040,2532,Douglas,08035
607210,2549,Douglas,08035
607550,2583,Douglas,08035
607530,2581,Douglas,08035
607560,2584,Douglas,08035
607520,2580,Douglas,08035
607420,2570,Douglas,08035
607380,2566,Douglas,08035
607370,2565,Douglas,08035
302050,880,Adams,08001
302140,889,Adams,08001
302130,888,Adams,08001
302070,882,Adams,08001
302060,881,Adams,08001
304170,949,Adams,08001
303180,927,Adams,08001
303170,926,Adams,08001
605320,2461,Douglas,08035
605330,2462,Douglas,08035
605340,2463,Douglas,08035
607260,2554,Douglas,08035
607250,2553,Douglas,08035
607220,2550,Douglas,08035
605530,2482,Douglas,08035
607170,2545,Douglas,08035
607400,2568,Douglas,08035
607410,2569,Douglas,08035
607390,2567,Douglas,08035
304240,956,Adams,08001
304160,948,Adams,08001
302150,890,Adams,08001
302160,891,Adams,08001
304570,989,Adams,08001
304610,993,Adams,08001
304580,990,Adams,08001
311030,1168,Adams,08001
304600,992,Adams,08001
413160,1861,Denver,08031
304560,988,Adams,08001
304590,991,Adams,08001
413140,1859,Denver,08031
304410,973,Adams,08001
605310,2460,Douglas,08035
604110,2421,Douglas,08035
605300,2459,Douglas,08035
604130,2423,Douglas,08035
604120,2422,Douglas,08035
603110,2410,Douglas,08035
605260,2455,Douglas,08035
304510,983,Adams,08001
306110,1017,Adams,08001
306100,1016,Adams,08001
304540,986,Adams,08001
304430,975,Adams,08001
304550,987,Adams,08001
304420,974,Adams,08001
404070,1405,Denver,08031
404060,1404,Denver,08031
404030,1401,Denver,08031
605240,2453,Douglas,08035
604090,2419,Douglas,08035
605250,2454,Douglas,08035
605170,2446,Douglas,08035
304480,980,Adams,08001
306120,1018,Adams,08001
306130,1019,Adams,08001
304460,978,Adams,08001
304500,982,Adams,08001
304440,976,Adams,08001
304250,957,Adams,08001
304490,981,Adams,08001
304300,962,Adams,08001
304470,979,Adams,08001
304530,985,Adams,08001
304450,977,Adams,08001
304310,963,Adams,08001
404300,1428,Denver,08031
404310,1429,Denver,08031
404320,1430,Denver,08031
605230,2452,Douglas,08035
605220,2451,Douglas,08035
605190,2448,Douglas,08035
605180,2447,Douglas,08035
605200,2449,Douglas,08035
605210,2450,Douglas,08035
604080,2418,Douglas,08035
605040,2433,Douglas,08035
404340,1432,Denver,08031
404370,1435,Denver,08031
404420,1440,Denver,08031
404430,1441,Denver,08031
312190,1216,Adams,08001
404440,1442,Denver,08031
404330,1431,Denver,08031
404400,1438,Denver,08031
404390,1437,Denver,08031
404380,1436,Denver,08031
514120,2308,Arapahoe,08005
514130,2309,Arapahoe,08005
514140,2310,Arapahoe,08005
513030,2273,Arapahoe,08005
513080,2278,Arapahoe,08005
514010,2297,Arapahoe,08005
514050,2301,Arapahoe,08005
514060,2302,Arapahoe,08005
605060,2435,Douglas,08035
605050,2434,Douglas,08035
605070,2436,Douglas,08035
513230,2293,Arapahoe,08005
513200,2290,Arapahoe,08005
513190,2289,Arapahoe,08005
513240,2294,Arapahoe,08005
605030,2432,Douglas,08035
605020,2431,Douglas,08035
404450,1443,Denver,08031
312200,1217,Adams,08001
312270,1223,Adams,08001
312260,1222,Adams,08001
507260,2100,Arapahoe,08005
507270,2101,Arapahoe,08005
506210,2068,Arapahoe,08005
410310,1674,Denver,08031
513060,2276,Arapahoe,08005
513050,2275,Arapahoe,08005
513040,2274,Arapahoe,08005
513130,2283,Arapahoe,08005
513120,2282,Arapahoe,08005
513140,2284,Arapahoe,08005
513100,2280,Arapahoe,08005
513150,2285,Arapahoe,08005
513210,2291,Arapahoe,08005
513220,2292,Arapahoe,08005
605010,2430,Douglas,08035
404480,1446,Denver,08031
312290,1225,Adams,08001
312280,1224,Adams,08001
407020,1524,Denver,08031
507230,2097,Arapahoe,08005
507220,2096,Arapahoe,08005
506140,2061,Arapahoe,08005
507240,2098,Arapahoe,08005
507250,2099,Arapahoe,08005
513110,2281,Arapahoe,08005
512140,2260,Arapahoe,08005
513070,2277,Arapahoe,08005
513090,2279,Arapahoe,08005
512130,2259,Arapahoe,08005
502030,1885,Arapahoe,08005
502020,1884,Arapahoe,08005
502010,1883,Arapahoe,08005
507180,2092,Arapahoe,08005
507190,2093,Arapahoe,08005
507200,2094,Arapahoe,08005
502080,1890,Arapahoe,08005
502110,1893,Arapahoe,08005
502140,1896,Arapahoe,08005
502120,1894,Arapahoe,08005
507170,2091,Arapahoe,08005
507160,2090,Arapahoe,08005
507150,2089,Arapahoe,08005
502100,1892,Arapahoe,08005
502130,1895,Arapahoe,08005
502150,1897,Arapahoe,08005
502090,1891,Arapahoe,08005
502070,1889,Arapahoe,08005
502060,1888,Arapahoe,08005
502040,1886,Arapahoe,08005
502050,1887,Arapahoe,08005
502160,1898,Arapahoe,08005
502200,1902,Arapahoe,08005
503120,1916,Arapahoe,08005
503130,1917,Arapahoe,08005
407250,1547,Denver,08031
507100,2084,Arapahoe,08005
507110,2085,Arapahoe,08005
507120,2086,Arapahoe,08005
502170,1899,Arapahoe,08005
502190,1901,Arapahoe,08005
507010,2075,Arapahoe,08005
407260,1548,Denver,08031
502180,1900,Arapahoe,08005
507080,2082,Arapahoe,08005
507090,2083,Arapahoe,08005
507070,2081,Arapahoe,08005
501080,1875,Arapahoe,08005
407270,1549,Denver,08031
507020,2076,Arapahoe,08005
507060,2080,Arapahoe,08005
702010,2627,Clear Creek,08019
702060,2632,Clear Creek,08019
702070,2633,Clear Creek,08019
701010,2622,Gilpin,08047
201010,407,Jefferson,08059
701020,2623,Gilpin,08047
701030,2624,Gilpin,08047
701050,2626,Gilpin,08047
201040,410,Jefferson,08059
201050,411,Jefferson,08059
211010,729,Jefferson,08059
201030,409,Jefferson,08059
204140,500,Jefferson,08059
204150,501,Jefferson,08059
205010,512,Jefferson,08059
204010,487,Jefferson,08059
204130,499,Jefferson,08059
204160,502,Jefferson,08059
204170,503,Jefferson,08059
204020,488,Jefferson,08059
204120,498,Jefferson,08059
204030,489,Jefferson,08059
204090,495,Jefferson,08059
204110,497,Jefferson,08059
204040,490,Jefferson,08059
202420,449,Jefferson,08059
204060,492,Jefferson,08059
204050,491,Jefferson,08059
204070,493,Jefferson,08059
202390,446,Jefferson,08059
204080,494,Jefferson,08059
202560,462,Jefferson,08059
202570,463,Jefferson,08059
203010,469,Jefferson,08059
203080,476,Jefferson,08059
202580,464,Jefferson,08059
202550,461,Jefferson,08059
203020,470,Jefferson,08059
203100,478,Jefferson,08059
202540,460,Jefferson,08059
202440,451,Jefferson,08059
202590,465,Jefferson,08059
202430,450,Jefferson,08059
202370,444,Jefferson,08059
311040,1169,Adams,08001
311020,1167,Adams,08001
202610,467,Jefferson,08059
202530,459,Jefferson,08059
202600,466,Jefferson,08059
203030,471,Jefferson,08059
202620,468,Jefferson,08059
311050,1170,Adams,08001
311060,1171,Adams,08001
311010,1166,Adams,08001
310010,1128,Adams,08001
202520,458,Jefferson,08059
202510,457,Jefferson,08059
310020,1129,Adams,08001
202500,456,Jefferson,08059
310030,1130,Adams,08001
203040,472,Jefferson,08059
304520,984,Adams,08001
311070,1172,Adams,08001
309210,1116,Adams,08001
309070,1102,Adams,08001
311080,1173,Adams,08001
311090,1174,Adams,08001
311100,1175,Adams,08001
311110,1176,Adams,08001
308140,1084,Adams,08001
308130,1083,Adams,08001
308250,1095,Adams,08001
310050,1132,Adams,08001
309060,1101,Adams,08001
309270,1122,Adams,08001
309220,1117,Adams,08001
309190,1114,Adams,08001
309280,1123,Adams,08001
308150,1085,Adams,08001
308160,1086,Adams,08001
308240,1094,Adams,08001
309260,1121,Adams,08001
309300,1125,Adams,08001
309240,1119,Adams,08001
309230,1118,Adams,08001
310060,1133,Adams,08001
308170,1087,Adams,08001
308230,1093,Adams,08001
308220,1092,Adams,08001
308200,1090,Adams,08001
309310,1126,Adams,08001
308070,1077,Adams,08001
310070,1134,Adams,08001
309250,1120,Adams,08001
308180,1088,Adams,08001
308190,1089,Adams,08001
308210,1091,Adams,08001
607730,2601,Douglas,08035
607930,2621,Douglas,08035
601180,2366,Douglas,08035
212140,773,Jefferson,08059
607710,2599,Douglas,08035
212220,781,Jefferson,08059
212160,775,Jefferson,08059
212170,776,Jefferson,08059
212150,774,Jefferson,08059
212210,780,Jefferson,08059
212130,772,Jefferson,08059
211310,759,Jefferson,08059
702040,2630,Clear Creek,08019
211270,755,Jefferson,08059
211260,754,Jefferson,08059
211150,743,Jefferson,08059
211140,742,Jefferson,08059
702030,2629,Clear Creek,08019
702050,2631,Clear Creek,08019
702090,2635,Clear Creek,08019
702020,2628,Clear Creek,08019
607700,2598,Douglas,08035
211130,741,Jefferson,08059
211180,746,Jefferson,08059
211250,753,Jefferson,08059
211170,745,Jefferson,08059
211160,744,Jefferson,08059
607690,2597,Douglas,08035
607760,2604,Douglas,08035
702080,2634,Clear Creek,08019
702100,2636,Clear Creek,08019
701040,2625,Gilpin,08047
607920,2620,Douglas,08035
607900,2618,Douglas,08035
607910,2619,Douglas,08035
601100,2358,Douglas,08035
601110,2359,Douglas,08035
601140,2362,Douglas,08035
212200,779,Jefferson,08059
601010,2349,Douglas,08035
601090,2357,Douglas,08035
212180,777,Jefferson,08059
212060,765,Jefferson,08059
212090,768,Jefferson,08059
211300,758,Jefferson,08059
212030,762,Jefferson,08059
212110,770,Jefferson,08059
214310,842,Jefferson,08059
214300,841,Jefferson,08059
212190,778,Jefferson,08059
213280,809,Jefferson,08059
212070,766,Jefferson,08059
212080,767,Jefferson,08059
212010,760,Jefferson,08059
212020,761,Jefferson,08059
212050,764,Jefferson,08059
212100,769,Jefferson,08059
212040,763,Jefferson,08059
212120,771,Jefferson,08059
211290,757,Jefferson,08059
211280,756,Jefferson,08059
602010,2367,Douglas,08035
509350,2172,Arapahoe,08005
509210,2158,Arapahoe,08005
509220,2159,Arapahoe,08005
509340,2171,Arapahoe,08005
509200,2157,Arapahoe,08005
214230,834,Jefferson,08059
214220,833,Jefferson,08059
214210,832,Jefferson,08059
213290,810,Jefferson,08059
213300,811,Jefferson,08059
214280,839,Jefferson,08059
213220,803,Jefferson,08059
213230,804,Jefferson,08059
213270,808,Jefferson,08059
602020,2368,Douglas,08035
509230,2160,Arapahoe,08005
509320,2169,Arapahoe,08005
602030,2369,Douglas,08035
509330,2170,Arapahoe,08005
214200,831,Jefferson,08059
214190,830,Jefferson,08059
214240,835,Jefferson,08059
214130,824,Jefferson,08059
214120,823,Jefferson,08059
214180,829,Jefferson,08059
214250,836,Jefferson,08059
214260,837,Jefferson,08059
213250,806,Jefferson,08059
214270,838,Jefferson,08059
213260,807,Jefferson,08059
213240,805,Jefferson,08059
205180,529,Jefferson,08059
205160,527,Jefferson,08059
205150,526,Jefferson,08059
207140,594,Jefferson,08059
207150,595,Jefferson,08059
208010,605,Jefferson,08059
204230,509,Jefferson,08059
204210,507,Jefferson,08059
509280,2165,Arapahoe,08005
509290,2166,Arapahoe,08005
509300,2167,Arapahoe,08005
509310,2168,Arapahoe,08005
602040,2370,Douglas,08035
509270,2164,Arapahoe,08005
213200,801,Jefferson,08059
213180,799,Jefferson,08059
214160,827,Jefferson,08059
214150,826,Jefferson,08059
214170,828,Jefferson,08059
213100,791,Jefferson,08059
210360,727,Jefferson,08059
210370,728,Jefferson,08059
213020,783,Jefferson,08059
213080,789,Jefferson,08059
213090,790,Jefferson,08059
213010,782,Jefferson,08059
210350,726,Jefferson,08059
210330,724,Jefferson,08059
205170,528,Jefferson,08059
208020,606,Jefferson,08059
208050,609,Jefferson,08059
208040,608,Jefferson,08059
207170,597,Jefferson,08059
207160,596,Jefferson,08059
207130,593,Jefferson,08059
207010,581,Jefferson,08059
205120,523,Jefferson,08059
207020,582,Jefferson,08059
205130,524,Jefferson,08059
207110,591,Jefferson,08059
205110,522,Jefferson,08059
206140,564,Jefferson,08059
205060,517,Jefferson,08059
205050,516,Jefferson,08059
206150,565,Jefferson,08059
206300,580,Jefferson,08059
206130,563,Jefferson,08059
204200,506,Jefferson,08059
204240,510,Jefferson,08059
206020,552,Jefferson,08059
206010,551,Jefferson,08059
509260,2163,Arapahoe,08005
510330,2205,Arapahoe,08005
510320,2204,Arapahoe,08005
510340,2206,Arapahoe,08005
213160,797,Jefferson,08059
213170,798,Jefferson,08059
214010,812,Jefferson,08059
213190,800,Jefferson,08059
213130,794,Jefferson,08059
214070,818,Jefferson,08059
214090,820,Jefferson,08059
214080,819,Jefferson,08059
213150,796,Jefferson,08059
213140,795,Jefferson,08059
213070,788,Jefferson,08059
213060,787,Jefferson,08059
210240,715,Jefferson,08059
210340,725,Jefferson,08059
209400,686,Jefferson,08059
210250,716,Jefferson,08059
210320,723,Jefferson,08059
210260,717,Jefferson,08059
210230,714,Jefferson,08059
210270,718,Jefferson,08059
210170,708,Jefferson,08059
208030,607,Jefferson,08059
208170,621,Jefferson,08059
208180,622,Jefferson,08059
208230,627,Jefferson,08059
208190,623,Jefferson,08059
206290,579,Jefferson,08059
206280,578,Jefferson,08059
206270,577,Jefferson,08059
206110,561,Jefferson,08059
206120,562,Jefferson,08059
206160,566,Jefferson,08059
206030,553,Jefferson,08059
204250,511,Jefferson,08059
603010,2400,Douglas,08035
510290,2201,Arapahoe,08005
510230,2195,Arapahoe,08005
510280,2200,Arapahoe,08005
510270,2199,Arapahoe,08005
603020,2401,Douglas,08035
510180,2190,Arapahoe,08005
509250,2162,Arapahoe,08005
510190,2191,Arapahoe,08005
509240,2161,Arapahoe,08005
510210,2193,Arapahoe,08005
510300,2202,Arapahoe,08005
510310,2203,Arapahoe,08005
209260,672,Jefferson,08059
209350,681,Jefferson,08059
209360,682,Jefferson,08059
210210,712,Jefferson,08059
210220,713,Jefferson,08059
210190,710,Jefferson,08059
210160,707,Jefferson,08059
210200,711,Jefferson,08059
210040,695,Jefferson,08059
208410,645,Jefferson,08059
208420,646,Jefferson,08059
208400,644,Jefferson,08059
210050,696,Jefferson,08059
210080,699,Jefferson,08059
208250,629,Jefferson,08059
208260,630,Jefferson,08059
208240,628,Jefferson,08059
510250,2197,Arapahoe,08005
510260,2198,Arapahoe,08005
511290,2235,Arapahoe,08005
511400,2246,Arapahoe,08005
210110,702,Jefferson,08059
210100,701,Jefferson,08059
210120,703,Jefferson,08059
210130,704,Jefferson,08059
210070,698,Jefferson,08059
209010,647,Jefferson,08059
209120,658,Jefferson,08059
210060,697,Jefferson,08059
511360,2242,Arapahoe,08005
511310,2237,Arapahoe,08005
511380,2244,Arapahoe,08005
511390,2245,Arapahoe,08005
511250,2231,Arapahoe,08005
511240,2230,Arapahoe,08005
511320,2238,Arapahoe,08005
511260,2232,Arapahoe,08005
511270,2233,Arapahoe,08005
511300,2236,Arapahoe,08005
511280,2234,Arapahoe,08005
512200,2266,Arapahoe,08005
512240,2270,Arapahoe,08005
511350,2241,Arapahoe,08005
511230,2229,Arapahoe,08005
511220,2228,Arapahoe,08005
211020,730,Jefferson,08059
211120,740,Jefferson,08059
211190,747,Jefferson,08059
211030,731,Jefferson,08059
201060,412,Jefferson,08059
211040,732,Jefferson,08059
211200,748,Jefferson,08059
211240,752,Jefferson,08059
211110,739,Jefferson,08059
211050,733,Jefferson,08059
211090,737,Jefferson,08059
211210,749,Jefferson,08059
211220,750,Jefferson,08059
211230,751,Jefferson,08059
211080,736,Jefferson,08059
210180,709,Jefferson,08059
211100,738,Jefferson,08059
210010,692,Jefferson,08059
210280,719,Jefferson,08059
211070,735,Jefferson,08059
211060,734,Jefferson,08059
210020,693,Jefferson,08059
210150,706,Jefferson,08059
210030,694,Jefferson,08059
210140,705,Jefferson,08059
210090,700,Jefferson,08059
213110,792,Jefferson,08059
213120,793,Jefferson,08059
210290,720,Jefferson,08059
210300,721,Jefferson,08059
213210,802,Jefferson,08059
210310,722,Jefferson,08059
205080,519,Jefferson,08059
205140,525,Jefferson,08059
205200,531,Jefferson,08059
205210,532,Jefferson,08059
205090,520,Jefferson,08059
205070,518,Jefferson,08059
205020,513,Jefferson,08059
205280,539,Jefferson,08059
205270,538,Jefferson,08059
205190,530,Jefferson,08059
205260,537,Jefferson,08059
205250,536,Jefferson,08059
205100,521,Jefferson,08059
205380,549,Jefferson,08059
205290,540,Jefferson,08059
205300,541,Jefferson,08059
205390,550,Jefferson,08059
205240,535,Jefferson,08059
201080,414,Jefferson,08059
201070,413,Jefferson,08059
205220,533,Jefferson,08059
205230,534,Jefferson,08059
205310,542,Jefferson,08059
205330,544,Jefferson,08059
205320,543,Jefferson,08059
205340,545,Jefferson,08059
208210,625,Jefferson,08059
205360,547,Jefferson,08059
208200,624,Jefferson,08059
208220,626,Jefferson,08059
205370,548,Jefferson,08059
205350,546,Jefferson,08059
204180,504,Jefferson,08059
205030,514,Jefferson,08059
204190,505,Jefferson,08059
205040,515,Jefferson,08059
204220,508,Jefferson,08059
204100,496,Jefferson,08059
601170,2365,Douglas,08035
601160,2364,Douglas,08035
607320,2560,Douglas,08035
601150,2363,Douglas,08035
602320,2398,Douglas,08035
601130,2361,Douglas,08035
601120,2360,Douglas,08035
601080,2356,Douglas,08035
602290,2395,Douglas,08035
602310,2397,Douglas,08035
607010,2529,Douglas,08035
602270,2393,Douglas,08035
602330,2399,Douglas,08035
601060,2354,Douglas,08035
601050,2353,Douglas,08035
601070,2355,Douglas,08035
604160,2426,Douglas,08035
602300,2396,Douglas,08035
607060,2534,Douglas,08035
602230,2389,Douglas,08035
602280,2394,Douglas,08035
604150,2425,Douglas,08035
604190,2429,Douglas,08035
607030,2531,Douglas,08035
607050,2533,Douglas,08035
602220,2388,Douglas,08035
602240,2390,Douglas,08035
602160,2382,Douglas,08035
603090,2408,Douglas,08035
602260,2392,Douglas,08035
602250,2391,Douglas,08035
603100,2409,Douglas,08035
602110,2377,Douglas,08035
602080,2374,Douglas,08035
602100,2376,Douglas,08035
602200,2386,Douglas,08035
602210,2387,Douglas,08035
602060,2372,Douglas,08035
602180,2384,Douglas,08035
602170,2383,Douglas,08035
602140,2380,Douglas,08035
602150,2381,Douglas,08035
602090,2375,Douglas,08035
602190,2385,Douglas,08035
602050,2371,Douglas,08035
603050,2404,Douglas,08035
603040,2403,Douglas,08035
602070,2373,Douglas,08035
601030,2351,Douglas,08035
601040,2352,Douglas,08035
601020,2350,Douglas,08035
214290,840,Jefferson,08059
602120,2378,Douglas,08035
602130,2379,Douglas,08035
607310,2559,Douglas,08035
607020,2530,Douglas,08035
607300,2558,Douglas,08035
607350,2563,Douglas,08035
607240,2552,Douglas,08035
607290,2557,Douglas,08035
607330,2561,Douglas,08035
607100,2538,Douglas,08035
607160,2544,Douglas,08035
607070,2535,Douglas,08035
607230,2551,Douglas,08035
607280,2556,Douglas,08035
607270,2555,Douglas,08035
607080,2536,Douglas,08035
607150,2543,Douglas,08035
607360,2564,Douglas,08035
607340,2562,Douglas,08035
607130,2541,Douglas,08035
607120,2540,Douglas,08035
607110,2539,Douglas,08035
607090,2537,Douglas,08035
607140,2542,Douglas,08035
604140,2424,Douglas,08035
603080,2407,Douglas,08035
603060,2405,Douglas,08035
603030,2402,Douglas,08035
603070,2406,Douglas,08035
604100,2420,Douglas,08035
604170,2427,Douglas,08035
604180,2428,Douglas,08035
605430,2472,Douglas,08035
604060,2416,Douglas,08035
604070,2417,Douglas,08035
604050,2415,Douglas,08035
604040,2414,Douglas,08035
604010,2411,Douglas,08035
604030,2413,Douglas,08035
604020,2412,Douglas,08035
511370,2243,Arapahoe,08005
511340,2240,Arapahoe,08005
511330,2239,Arapahoe,08005
509120,2149,Arapahoe,08005
509110,2148,Arapahoe,08005
509100,2147,Arapahoe,08005
510080,2180,Arapahoe,08005
509130,2150,Arapahoe,08005
510170,2189,Arapahoe,08005
509080,2145,Arapahoe,08005
509090,2146,Arapahoe,08005
509070,2144,Arapahoe,08005
509140,2151,Arapahoe,08005
509060,2143,Arapahoe,08005
508320,2134,Arapahoe,08005
508330,2135,Arapahoe,08005
508300,2132,Arapahoe,08005
509050,2142,Arapahoe,08005
508340,2136,Arapahoe,08005
510070,2179,Arapahoe,08005
508290,2131,Arapahoe,08005
508200,2122,Arapahoe,08005
508280,2130,Arapahoe,08005
508210,2123,Arapahoe,08005
508180,2120,Arapahoe,08005
508270,2129,Arapahoe,08005
508170,2119,Arapahoe,08005
508190,2121,Arapahoe,08005
508220,2124,Arapahoe,08005
209250,671,Jefferson,08059
209110,657,Jefferson,08059
209130,659,Jefferson,08059
209230,669,Jefferson,08059
508150,2117,Arapahoe,08005
508160,2118,Arapahoe,08005
508130,2115,Arapahoe,08005
508120,2114,Arapahoe,08005
508140,2116,Arapahoe,08005
508050,2107,Arapahoe,08005
508230,2125,Arapahoe,08005
209100,656,Jefferson,08059
209140,660,Jefferson,08059
209150,661,Jefferson,08059
508070,2109,Arapahoe,08005
409380,1638,Denver,08031
409390,1639,Denver,08031
508080,2110,Arapahoe,08005
209090,655,Jefferson,08059
209040,650,Jefferson,08059
209080,654,Jefferson,08059
209030,649,Jefferson,08059
208340,638,Jefferson,08059
208330,637,Jefferson,08059
209050,651,Jefferson,08059
209170,663,Jefferson,08059
209160,662,Jefferson,08059
208320,636,Jefferson,08059
209180,664,Jefferson,08059
209190,665,Jefferson,08059
209200,666,Jefferson,08059
209070,653,Jefferson,08059
209060,652,Jefferson,08059
405340,1480,Denver,08031
405330,1479,Denver,08031
405210,1467,Denver,08031
405450,1491,Denver,08031
310340,1161,Adams,08001
310320,1159,Adams,08001
310190,1146,Adams,08001
310330,1160,Adams,08001
401080,1286,Denver,08031
310200,1147,Adams,08001
310310,1158,Adams,08001
310350,1162,Adams,08001
310300,1157,Adams,08001
310210,1148,Adams,08001
310230,1150,Adams,08001
310220,1149,Adams,08001
310240,1151,Adams,08001
310250,1152,Adams,08001
310140,1141,Adams,08001
310160,1143,Adams,08001
311320,1197,Adams,08001
310170,1144,Adams,08001
402030,1320,Denver,08031
310100,1137,Adams,08001
310090,1136,Adams,08001
309320,1127,Adams,08001
310110,1138,Adams,08001
402020,1319,Denver,08031
402140,1331,Denver,08031
409350,1635,Denver,08031
409360,1636,Denver,08031
409340,1634,Denver,08031
409370,1637,Denver,08031
409160,1616,Denver,08031
409130,1613,Denver,08031
405320,1478,Denver,08031
405310,1477,Denver,08031
405220,1468,Denver,08031
405360,1482,Denver,08031
405440,1490,Denver,08031
405350,1481,Denver,08031
310180,1145,Adams,08001
402010,1318,Denver,08031
402150,1332,Denver,08031
402160,1333,Denver,08031
401210,1299,Denver,08031
401200,1298,Denver,08031
401090,1287,Denver,08031
402170,1334,Denver,08031
402130,1330,Denver,08031
402040,1321,Denver,08031
405410,1487,Denver,08031
409120,1612,Denver,08031
409150,1615,Denver,08031
409140,1614,Denver,08031
405300,1476,Denver,08031
405290,1475,Denver,08031
405380,1484,Denver,08031
405370,1483,Denver,08031
402280,1345,Denver,08031
402180,1335,Denver,08031
402190,1336,Denver,08031
412010,1694,Denver,08031
402120,1329,Denver,08031
412090,1738,Denver,08031
412100,1739,Denver,08031
402290,1346,Denver,08031
407060,1528,Denver,08031
407110,1533,Denver,08031
407050,1527,Denver,08031
407040,1526,Denver,08031
407170,1539,Denver,08031
407180,1540,Denver,08031
407100,1532,Denver,08031
407130,1535,Denver,08031
407140,1536,Denver,08031
407030,1525,Denver,08031
407150,1537,Denver,08031
407160,1538,Denver,08031
405400,1486,Denver,08031
409110,1611,Denver,08031
409100,1610,Denver,08031
408050,1567,Denver,08031
405420,1488,Denver,08031
405250,1471,Denver,08031
405240,1470,Denver,08031
405230,1469,Denver,08031
405160,1462,Denver,08031
405280,1474,Denver,08031
405270,1473,Denver,08031
412033,1699,Denver,08031
412032,1698,Denver,08031
412031,1697,Denver,08031
412041,1706,Denver,08031
407210,1543,Denver,08031
407200,1542,Denver,08031
407190,1541,Denver,08031
407220,1544,Denver,08031
407310,1553,Denver,08031
407120,1534,Denver,08031
407370,1559,Denver,08031
407230,1545,Denver,08031
407240,1546,Denver,08031
406270,1518,Denver,08031
409010,1601,Denver,08031
409020,1602,Denver,08031
405260,1472,Denver,08031
405100,1456,Denver,08031
406250,1516,Denver,08031
406260,1517,Denver,08031
412043,1708,Denver,08031
412036,1702,Denver,08031
412035,1701,Denver,08031
402430,1360,Denver,08031
402300,1347,Denver,08031
402310,1348,Denver,08031
412045,1710,Denver,08031
412044,1709,Denver,08031
412042,1707,Denver,08031
407090,1531,Denver,08031
406310,1522,Denver,08031
406150,1506,Denver,08031
406160,1507,Denver,08031
406130,1504,Denver,08031
406140,1505,Denver,08031
406280,1519,Denver,08031
409030,1603,Denver,08031
406200,1511,Denver,08031
409090,1609,Denver,08031
409080,1608,Denver,08031
412390,1837,Denver,08031
405090,1455,Denver,08031
412360,1834,Denver,08031
406230,1514,Denver,08031
405080,1454,Denver,08031
406240,1515,Denver,08031
412350,1833,Denver,08031
412048,1713,Denver,08031
412047,1712,Denver,08031
412046,1711,Denver,08031
412049,1714,Denver,08031
402440,1361,Denver,08031
402420,1359,Denver,08031
402450,1362,Denver,08031
412171,1767,Denver,08031
412161,1758,Denver,08031
412053,1717,Denver,08031
412052,1716,Denver,08031
406190,1510,Denver,08031
409070,1607,Denver,08031
409190,1619,Denver,08031
406290,1520,Denver,08031
406300,1521,Denver,08031
409040,1604,Denver,08031
409060,1606,Denver,08031
409050,1605,Denver,08031
501020,1869,Arapahoe,08005
409200,1620,Denver,08031
412213,1786,Denver,08031
412207,1781,Denver,08031
412340,1832,Denver,08031
412051,1715,Denver,08031
412063,1723,Denver,08031
412062,1722,Denver,08031
412055,1719,Denver,08031
412054,1718,Denver,08031
412056,1720,Denver,08031
412163,1760,Denver,08031
412153,1754,Denver,08031
412164,1761,Denver,08031
412162,1759,Denver,08031
412174,1770,Denver,08031
412169,1766,Denver,08031
412204,1778,Denver,08031
412201,1775,Denver,08031
412205,1779,Denver,08031
412212,1785,Denver,08031
412215,1788,Denver,08031
412323,1829,Denver,08031
412167,1764,Denver,08031
412168,1765,Denver,08031
412222,1790,Denver,08031
412165,1762,Denver,08031
412211,1784,Denver,08031
412224,1792,Denver,08031
412214,1787,Denver,08031
509190,2156,Arapahoe,08005
509180,2155,Arapahoe,08005
214110,822,Jefferson,08059
509020,2139,Arapahoe,08005
509030,2140,Arapahoe,08005
214320,843,Jefferson,08059
509010,2138,Arapahoe,08005
508350,2137,Arapahoe,08005
408350,1596,Denver,08031
214050,816,Jefferson,08059
214100,821,Jefferson,08059
213030,784,Jefferson,08059
213050,786,Jefferson,08059
214040,815,Jefferson,08059
408330,1594,Denver,08031
508250,2127,Arapahoe,08005
408340,1595,Denver,08031
408290,1591,Denver,08031
213040,785,Jefferson,08059
209450,691,Jefferson,08059
408360,1597,Denver,08031
408370,1598,Denver,08031
214020,813,Jefferson,08059
508260,2128,Arapahoe,08005
508240,2126,Arapahoe,08005
408320,1593,Denver,08031
408210,1583,Denver,08031
408220,1584,Denver,08031
408280,1590,Denver,08031
209440,690,Jefferson,08059
209430,689,Jefferson,08059
408200,1582,Denver,08031
209310,677,Jefferson,08059
408190,1581,Denver,08031
408230,1585,Denver,08031
408110,1573,Denver,08031
408120,1574,Denver,08031
408130,1575,Denver,08031
209300,676,Jefferson,08059
209320,678,Jefferson,08059
209290,675,Jefferson,08059
209370,683,Jefferson,08059
209340,680,Jefferson,08059
209330,679,Jefferson,08059
214140,825,Jefferson,08059
214060,817,Jefferson,08059
214030,814,Jefferson,08059
408380,1599,Denver,08031
408390,1600,Denver,08031
209410,687,Jefferson,08059
209390,685,Jefferson,08059
209420,688,Jefferson,08059
209380,684,Jefferson,08059
209280,674,Jefferson,08059
209270,673,Jefferson,08059
209220,668,Jefferson,08059
209240,670,Jefferson,08059
209210,667,Jefferson,08059
509170,2154,Arapahoe,08005
509160,2153,Arapahoe,08005
509150,2152,Arapahoe,08005
509040,2141,Arapahoe,08005
508020,2104,Arapahoe,08005
508040,2106,Arapahoe,08005
408250,1587,Denver,08031
508030,2105,Arapahoe,08005
408160,1578,Denver,08031
408180,1580,Denver,08031
508060,2108,Arapahoe,08005
408150,1577,Denver,08031
408140,1576,Denver,08031
408170,1579,Denver,08031
408240,1586,Denver,08031
408080,1570,Denver,08031
408030,1565,Denver,08031
408040,1566,Denver,08031
408060,1568,Denver,08031
408070,1569,Denver,08031
405430,1489,Denver,08031
408020,1564,Denver,08031
408310,1592,Denver,08031
408260,1588,Denver,08031
508010,2103,Arapahoe,08005
408270,1589,Denver,08031
408090,1571,Denver,08031
408010,1563,Denver,08031
408100,1572,Denver,08031
405390,1485,Denver,08031
207180,598,Jefferson,08059
207120,592,Jefferson,08059
207030,583,Jefferson,08059
207100,590,Jefferson,08059
207190,599,Jefferson,08059
207040,584,Jefferson,08059
207050,585,Jefferson,08059
207080,588,Jefferson,08059
207200,600,Jefferson,08059
207090,589,Jefferson,08059
206240,574,Jefferson,08059
206210,571,Jefferson,08059
206230,573,Jefferson,08059
203150,483,Jefferson,08059
203090,477,Jefferson,08059
203110,479,Jefferson,08059
203130,481,Jefferson,08059
203140,482,Jefferson,08059
208080,612,Jefferson,08059
207230,603,Jefferson,08059
207240,604,Jefferson,08059
207220,602,Jefferson,08059
208090,613,Jefferson,08059
208120,616,Jefferson,08059
207210,601,Jefferson,08059
207070,587,Jefferson,08059
207060,586,Jefferson,08059
401010,1279,Denver,08031
206220,572,Jefferson,08059
203160,484,Jefferson,08059
310280,1155,Adams,08001
310370,1164,Adams,08001
203120,480,Jefferson,08059
203060,474,Jefferson,08059
203070,475,Jefferson,08059
310270,1154,Adams,08001
203050,473,Jefferson,08059
208290,633,Jefferson,08059
208300,634,Jefferson,08059
208310,635,Jefferson,08059
208110,615,Jefferson,08059
208130,617,Jefferson,08059
208100,614,Jefferson,08059
401140,1292,Denver,08031
401150,1293,Denver,08031
401240,1302,Denver,08031
405200,1466,Denver,08031
401130,1291,Denver,08031
401030,1281,Denver,08031
401160,1294,Denver,08031
401020,1280,Denver,08031
310380,1165,Adams,08001
401230,1301,Denver,08031
401120,1290,Denver,08031
401110,1289,Denver,08031
401060,1284,Denver,08031
401180,1296,Denver,08031
401050,1283,Denver,08031
401040,1282,Denver,08031
310360,1163,Adams,08001
401220,1300,Denver,08031
401100,1288,Denver,08031
401070,1285,Denver,08031
401190,1297,Denver,08031
401300,1308,Denver,08031
401280,1306,Denver,08031
208060,610,Jefferson,08059
208160,620,Jefferson,08059
208070,611,Jefferson,08059
208140,618,Jefferson,08059
208150,619,Jefferson,08059
208270,631,Jefferson,08059
208280,632,Jefferson,08059
208350,639,Jefferson,08059
208380,642,Jefferson,08059
208390,643,Jefferson,08059
208360,640,Jefferson,08059
208370,641,Jefferson,08059
209020,648,Jefferson,08059
206250,575,Jefferson,08059
206040,554,Jefferson,08059
206050,555,Jefferson,08059
206060,556,Jefferson,08059
206260,576,Jefferson,08059
206180,568,Jefferson,08059
206200,570,Jefferson,08059
206190,569,Jefferson,08059
206170,567,Jefferson,08059
206090,559,Jefferson,08059
206100,560,Jefferson,08059
206070,557,Jefferson,08059
203180,486,Jefferson,08059
203170,485,Jefferson,08059
206080,558,Jefferson,08059
401400,1317,Denver,08031
401340,1312,Denver,08031
405010,1447,Denver,08031
405190,1465,Denver,08031
401390,1316,Denver,08031
401380,1315,Denver,08031
405040,1450,Denver,08031
405030,1449,Denver,08031
401360,1313,Denver,08031
401310,1309,Denver,08031
401320,1310,Denver,08031
401330,1311,Denver,08031
401270,1305,Denver,08031
401260,1304,Denver,08031
401250,1303,Denver,08031
405180,1464,Denver,08031
405150,1461,Denver,08031
405140,1460,Denver,08031
405170,1463,Denver,08031
401370,1314,Denver,08031
412270,1818,Denver,08031
405050,1451,Denver,08031
412410,1839,Denver,08031
412400,1838,Denver,08031
405060,1452,Denver,08031
412280,1819,Denver,08031
412290,1820,Denver,08031
405070,1453,Denver,08031
405110,1457,Denver,08031
405130,1459,Denver,08031
412255,1809,Denver,08031
412254,1808,Denver,08031
412257,1811,Denver,08031
412301,1821,Denver,08031
412304,1824,Denver,08031
412244,1802,Denver,08031
412245,1803,Denver,08031
412246,1804,Denver,08031
412302,1822,Denver,08031
412256,1810,Denver,08031
412242,1800,Denver,08031
412243,1801,Denver,08031
412231,1793,Denver,08031
412241,1799,Denver,08031
412253,1807,Denver,08031
412252,1806,Denver,08031
412146,1751,Denver,08031
412154,1755,Denver,08031
412155,1756,Denver,08031
412145,1750,Denver,08031
412144,1749,Denver,08031
412426,1845,Denver,08031
412151,1752,Denver,08031
412143,1748,Denver,08031
412142,1747,Denver,08031
412066,1726,Denver,08031
412152,1753,Denver,08031
412156,1757,Denver,08031
412232,1794,Denver,08031
412141,1746,Denver,08031
412065,1725,Denver,08031
405020,1448,Denver,08031
401170,1295,Denver,08031
405120,1458,Denver,08031
412312,1826,Denver,08031
412311,1825,Denver,08031
412324,1830,Denver,08031
412303,1823,Denver,08031
412234,1796,Denver,08031
412235,1797,Denver,08031
412236,1798,Denver,08031
412223,1791,Denver,08031
412321,1827,Denver,08031
412322,1828,Denver,08031
412221,1789,Denver,08031
412233,1795,Denver,08031
412166,1763,Denver,08031
412110,1740,Denver,08031
401290,1307,Denver,08031
412083,1735,Denver,08031
412121,1741,Denver,08031
412261,1812,Denver,08031
412081,1733,Denver,08031
412022,1696,Denver,08031
412021,1695,Denver,08031
412084,1736,Denver,08031
412122,1742,Denver,08031
412124,1744,Denver,08031
412034,1700,Denver,08031
412037,1703,Denver,08031
412071,1727,Denver,08031
412425,1844,Denver,08031
412123,1743,Denver,08031
412085,1737,Denver,08031
412125,1745,Denver,08031
412424,1843,Denver,08031
412263,1814,Denver,08031
412422,1841,Denver,08031
412421,1840,Denver,08031
412075,1731,Denver,08031
412423,1842,Denver,08031
412074,1730,Denver,08031
412251,1805,Denver,08031
412266,1817,Denver,08031
412264,1815,Denver,08031
412265,1816,Denver,08031
412262,1813,Denver,08031
412082,1734,Denver,08031
412072,1728,Denver,08031
412038,1704,Denver,08031
412039,1705,Denver,08031
412076,1732,Denver,08031
412073,1729,Denver,08031
412061,1721,Denver,08031
412064,1724,Denver,08031
310290,1156,Adams,08001
310260,1153,Adams,08001
310040,1131,Adams,08001
510240,2196,Arapahoe,08005
510130,2185,Arapahoe,08005
511110,2217,Arapahoe,08005
511200,2226,Arapahoe,08005
510060,2178,Arapahoe,08005
508310,2133,Arapahoe,08005
513020,2272,Arapahoe,08005
510120,2184,Arapahoe,08005
510140,2186,Arapahoe,08005
510100,2182,Arapahoe,08005
511100,2216,Arapahoe,08005
510220,2194,Arapahoe,08005
510160,2188,Arapahoe,08005
510150,2187,Arapahoe,08005
510090,2181,Arapahoe,08005
511090,2215,Arapahoe,08005
510110,2183,Arapahoe,08005
510050,2177,Arapahoe,08005
510030,2175,Arapahoe,08005
510040,2176,Arapahoe,08005
511010,2207,Arapahoe,08005
510020,2174,Arapahoe,08005
510010,2173,Arapahoe,08005
411070,1681,Denver,08031
513010,2271,Arapahoe,08005
410260,1669,Denver,08031
410270,1670,Denver,08031
410300,1673,Denver,08031
411020,1676,Denver,08031
411120,1686,Denver,08031
411190,1693,Denver,08031
411010,1675,Denver,08031
411060,1680,Denver,08031
410250,1668,Denver,08031
410240,1667,Denver,08031
411030,1677,Denver,08031
411100,1684,Denver,08031
411130,1687,Denver,08031
411080,1682,Denver,08031
411140,1688,Denver,08031
511030,2209,Arapahoe,08005
410180,1661,Denver,08031
410130,1656,Denver,08031
410170,1660,Denver,08031
410160,1659,Denver,08031
411050,1679,Denver,08031
410210,1664,Denver,08031
410200,1663,Denver,08031
410230,1666,Denver,08031
411040,1678,Denver,08031
501040,1871,Arapahoe,08005
410140,1657,Denver,08031
410220,1665,Denver,08031
410070,1650,Denver,08031
410060,1649,Denver,08031
410050,1648,Denver,08031
410030,1646,Denver,08031
410040,1647,Denver,08031
407350,1557,Denver,08031
407340,1556,Denver,08031
407330,1555,Denver,08031
407360,1558,Denver,08031
407380,1560,Denver,08031
510200,2192,Arapahoe,08005
409430,1643,Denver,08031
508090,2111,Arapahoe,08005
409420,1642,Denver,08031
410150,1658,Denver,08031
410120,1655,Denver,08031
409330,1633,Denver,08031
410090,1652,Denver,08031
410100,1653,Denver,08031
501030,1870,Arapahoe,08005
409300,1630,Denver,08031
409290,1629,Denver,08031
410110,1654,Denver,08031
409410,1641,Denver,08031
409320,1632,Denver,08031
409170,1617,Denver,08031
409280,1628,Denver,08031
409310,1631,Denver,08031
409400,1640,Denver,08031
409260,1626,Denver,08031
409250,1625,Denver,08031
410080,1651,Denver,08031
409270,1627,Denver,08031
409240,1624,Denver,08031
409230,1623,Denver,08031
409180,1618,Denver,08031
409220,1622,Denver,08031
410010,1644,Denver,08031
409210,1621,Denver,08031
508110,2113,Arapahoe,08005
508100,2112,Arapahoe,08005
410020,1645,Denver,08031
407400,1562,Denver,08031
501010,1868,Arapahoe,08005
511210,2227,Arapahoe,08005
411150,1689,Denver,08031
411160,1690,Denver,08031
512050,2251,Arapahoe,08005
512040,2250,Arapahoe,08005
511170,2223,Arapahoe,08005
511160,2222,Arapahoe,08005
512190,2265,Arapahoe,08005
511120,2218,Arapahoe,08005
511020,2208,Arapahoe,08005
511040,2210,Arapahoe,08005
511080,2214,Arapahoe,08005
411170,1691,Denver,08031
512030,2249,Arapahoe,08005
512070,2253,Arapahoe,08005
512080,2254,Arapahoe,08005
512060,2252,Arapahoe,08005
512100,2256,Arapahoe,08005
512090,2255,Arapahoe,08005
511060,2212,Arapahoe,08005
512180,2264,Arapahoe,08005
511130,2219,Arapahoe,08005
512120,2258,Arapahoe,08005
511150,2221,Arapahoe,08005
511140,2220,Arapahoe,08005
511180,2224,Arapahoe,08005
511050,2211,Arapahoe,08005
512010,2247,Arapahoe,08005
411180,1692,Denver,08031
512020,2248,Arapahoe,08005
512110,2257,Arapahoe,08005
511190,2225,Arapahoe,08005
511070,2213,Arapahoe,08005
411110,1685,Denver,08031
411090,1683,Denver,08031
512150,2261,Arapahoe,08005
512210,2267,Arapahoe,08005
512220,2268,Arapahoe,08005
512230,2269,Arapahoe,08005
512170,2263,Arapahoe,08005
512160,2262,Arapahoe,08005
410290,1672,Denver,08031
501140,1881,Arapahoe,08005
410280,1671,Denver,08031
501150,1882,Arapahoe,08005
501130,1880,Arapahoe,08005
501100,1877,Arapahoe,08005
501090,1876,Arapahoe,08005
501110,1878,Arapahoe,08005
501050,1872,Arapahoe,08005
501120,1879,Arapahoe,08005
501060,1873,Arapahoe,08005
501070,1874,Arapahoe,08005
407390,1561,Denver,08031
407280,1550,Denver,08031
407290,1551,Denver,08031
407300,1552,Denver,08031
410190,1662,Denver,08031
407320,1554,Denver,08031
404040,1402,Denver,08031
404010,1399,Denver,08031
404020,1400,Denver,08031
311260,1191,Adams,08001
311150,1180,Adams,08001
311210,1186,Adams,08001
311160,1181,Adams,08001
311220,1187,Adams,08001
311140,1179,Adams,08001
311130,1178,Adams,08001
311230,1188,Adams,08001
311270,1192,Adams,08001
311250,1190,Adams,08001
311240,1189,Adams,08001
311290,1194,Adams,08001
311280,1193,Adams,08001
403030,1375,Denver,08031
311120,1177,Adams,08001
311300,1195,Adams,08001
311310,1196,Adams,08001
311180,1183,Adams,08001
311200,1185,Adams,08001
403020,1374,Denver,08031
402070,1324,Denver,08031
402060,1323,Denver,08031
402080,1325,Denver,08031
403010,1373,Denver,08031
403060,1378,Denver,08031
403090,1381,Denver,08031
403100,1382,Denver,08031
403080,1380,Denver,08031
403050,1377,Denver,08031
403070,1379,Denver,08031
311190,1184,Adams,08001
402050,1322,Denver,08031
403140,1386,Denver,08031
403160,1388,Denver,08031
403150,1387,Denver,08031
402230,1340,Denver,08031
403210,1393,Denver,08031
403170,1389,Denver,08031
402370,1354,Denver,08031
403130,1385,Denver,08031
403180,1390,Denver,08031
402350,1352,Denver,08031
402360,1353,Denver,08031
403220,1394,Denver,08031
403200,1392,Denver,08031
403230,1395,Denver,08031
403240,1396,Denver,08031
407070,1529,Denver,08031
406050,1496,Denver,08031
407080,1530,Denver,08031
406060,1497,Denver,08031
402100,1327,Denver,08031
402110,1328,Denver,08031
402210,1338,Denver,08031
402220,1339,Denver,08031
402200,1337,Denver,08031
402090,1326,Denver,08031
402240,1341,Denver,08031
402490,1366,Denver,08031
402480,1365,Denver,08031
402380,1355,Denver,08031
402340,1351,Denver,08031
402400,1357,Denver,08031
402390,1356,Denver,08031
402330,1350,Denver,08031
402470,1364,Denver,08031
402530,1370,Denver,08031
402510,1368,Denver,08031
402500,1367,Denver,08031
402520,1369,Denver,08031
406040,1495,Denver,08031
402410,1358,Denver,08031
402320,1349,Denver,08031
406070,1498,Denver,08031
406080,1499,Denver,08031
406030,1494,Denver,08031
406180,1509,Denver,08031
402540,1371,Denver,08031
402550,1372,Denver,08031
402460,1363,Denver,08031
406020,1493,Denver,08031
406010,1492,Denver,08031
412330,1831,Denver,08031
406090,1500,Denver,08031
406120,1503,Denver,08031
406100,1501,Denver,08031
412370,1835,Denver,08031
406110,1502,Denver,08031
412380,1836,Denver,08031
406220,1513,Denver,08031
406210,1512,Denver,08031
412180,1773,Denver,08031
412173,1769,Denver,08031
412172,1768,Denver,08031
412190,1774,Denver,08031
412209,1783,Denver,08031
412206,1780,Denver,08031
412176,1772,Denver,08031
412175,1771,Denver,08031
412203,1777,Denver,08031
412202,1776,Denver,08031
412208,1782,Denver,08031
402270,1344,Denver,08031
402250,1342,Denver,08031
402260,1343,Denver,08031
406170,1508,Denver,08031
311170,1182,Adams,08001
309290,1124,Adams,08001
310120,1139,Adams,08001
310130,1140,Adams,08001
310080,1135,Adams,08001
310150,1142,Adams,08001
403040,1376,Denver,08031
404360,1434,Denver,08031
404350,1433,Denver,08031
403110,1383,Denver,08031
404460,1444,Denver,08031
403120,1384,Denver,08031
404470,1445,Denver,08031
403190,1391,Denver,08031
407010,1523,Denver,08031
403260,1398,Denver,08031
403250,1397,Denver,08031
404050,1403,Denver,08031
101020,2,Boulder,08013
101030,3,Boulder,08013
101050,5,Boulder,08013
101120,12,Boulder,08013
101100,10,Boulder,08013
101110,11,Boulder,08013
101090,9,Boulder,08013
101060,6,Boulder,08013
101040,4,Boulder,08013
101010,1,Boulder,08013
101130,13,Boulder,08013
102030,16,Boulder,08013
102020,15,Boulder,08013
102080,21,Boulder,08013
103060,107,Boulder,08013
103070,108,Boulder,08013
103010,102,Boulder,08013
101070,7,Boulder,08013
101080,8,Boulder,08013
108010,335,Boulder,08013
104040,159,Boulder,08013
104020,157,Boulder,08013
104030,158,Boulder,08013
104010,156,Boulder,08013
102120,25,Boulder,08013
102110,24,Boulder,08013
102220,35,Boulder,08013
102230,36,Boulder,08013
102130,26,Boulder,08013
104050,160,Boulder,08013
104110,166,Boulder,08013
104120,167,Boulder,08013
104140,169,Boulder,08013
802180,2739,Weld,08123
802193,2740,Weld,08123
104450,200,Boulder,08013
102200,33,Boulder,08013
102250,38,Boulder,08013
102210,34,Boulder,08013
104230,178,Boulder,08013
104220,177,Boulder,08013
104260,181,Boulder,08013
104250,180,Boulder,08013
104390,194,Boulder,08013
104240,179,Boulder,08013
104280,183,Boulder,08013
104200,175,Boulder,08013
104160,171,Boulder,08013
104150,170,Boulder,08013
104100,165,Boulder,08013
104130,168,Boulder,08013
802200,2741,Weld,08123
802210,2742,Weld,08123
802220,2743,Weld,08123
802230,2744,Weld,08123
802240,2745,Weld,08123
802250,2746,Weld,08123
802260,2747,Weld,08123
102140,27,Boulder,08013
104440,199,Boulder,08013
102190,32,Boulder,08013
102100,23,Boulder,08013
102270,40,Boulder,08013
104360,191,Boulder,08013
104430,198,Boulder,08013
104380,193,Boulder,08013
102150,28,Boulder,08013
104420,197,Boulder,08013
104350,190,Boulder,08013
104270,182,Boulder,08013
104310,186,Boulder,08013
104320,187,Boulder,08013
103420,143,Boulder,08013
103470,148,Boulder,08013
103410,142,Boulder,08013
103480,149,Boulder,08013
103500,151,Boulder,08013
802270,2748,Weld,08123
103460,147,Boulder,08013
802280,2749,Weld,08123
802290,2750,Weld,08123
802300,2751,Weld,08123
202380,445,Jefferson,08059
202190,426,Jefferson,08059
202400,447,Jefferson,08059
703020,2638,Broomfield,08014
202040,417,Jefferson,08059
202170,425,Jefferson,08059
703010,2637,Broomfield,08014
202200,427,Jefferson,08059
202050,418,Jefferson,08059
202060,419,Jefferson,08059
703140,2650,Broomfield,08014
703030,2639,Broomfield,08014
202020,416,Jefferson,08059
106260,281,Boulder,08013
106270,282,Boulder,08013
703100,2646,Broomfield,08014
703070,2643,Broomfield,08014
703060,2642,Broomfield,08014
102160,29,Boulder,08013
102180,31,Boulder,08013
102290,42,Boulder,08013
103510,152,Boulder,08013
103450,146,Boulder,08013
104340,189,Boulder,08013
103440,145,Boulder,08013
103430,144,Boulder,08013
103520,153,Boulder,08013
102280,41,Boulder,08013
202220,429,Jefferson,08059
202230,430,Jefferson,08059
202350,442,Jefferson,08059
202210,428,Jefferson,08059
703130,2649,Broomfield,08014
703120,2648,Broomfield,08014
703150,2651,Broomfield,08014
703170,2653,Broomfield,08014
703160,2652,Broomfield,08014
703110,2647,Broomfield,08014
703050,2641,Broomfield,08014
703090,2645,Broomfield,08014
703080,2644,Broomfield,08014
106090,271,Boulder,08013
704020,2655,Broomfield,08014
106080,270,Boulder,08013
106060,269,Boulder,08013
106190,274,Boulder,08013
106200,275,Boulder,08013
106050,268,Boulder,08013
105580,258,Boulder,08013
105590,259,Boulder,08013
105600,260,Boulder,08013
105370,237,Boulder,08013
105570,257,Boulder,08013
102320,45,Boulder,08013
102330,46,Boulder,08013
102340,47,Boulder,08013
102350,48,Boulder,08013
105430,243,Boulder,08013
105420,242,Boulder,08013
105400,240,Boulder,08013
105440,244,Boulder,08013
105410,241,Boulder,08013
105390,239,Boulder,08013
105270,227,Boulder,08013
105560,256,Boulder,08013
105250,225,Boulder,08013
105260,226,Boulder,08013
105110,211,Boulder,08013
105080,208,Boulder,08013
102510,63,Boulder,08013
102500,62,Boulder,08013
102590,71,Boulder,08013
105100,210,Boulder,08013
105070,207,Boulder,08013
105120,212,Boulder,08013
105230,223,Boulder,08013
105240,224,Boulder,08013
102750,87,Boulder,08013
102830,95,Boulder,08013
102840,96,Boulder,08013
102740,86,Boulder,08013
102850,97,Boulder,08013
105060,206,Boulder,08013
102730,85,Boulder,08013
102580,70,Boulder,08013
201020,408,Jefferson,08059
107360,322,Boulder,08013
107470,333,Boulder,08013
107480,334,Boulder,08013
107170,303,Boulder,08013
107370,323,Boulder,08013
106220,277,Boulder,08013
202010,415,Jefferson,08059
107180,304,Boulder,08013
102420,55,Boulder,08013
108020,336,Boulder,08013
108050,339,Boulder,08013
106010,264,Boulder,08013
106020,265,Boulder,08013
105350,235,Boulder,08013
107300,316,Boulder,08013
107460,332,Boulder,08013
107440,330,Boulder,08013
107350,321,Boulder,08013
107340,320,Boulder,08013
107330,319,Boulder,08013
102650,77,Boulder,08013
102660,78,Boulder,08013
108720,406,Boulder,08013
106030,266,Boulder,08013
105630,263,Boulder,08013
105360,236,Boulder,08013
105340,234,Boulder,08013
105330,233,Boulder,08013
105320,232,Boulder,08013
107290,315,Boulder,08013
107430,329,Boulder,08013
107420,328,Boulder,08013
107310,317,Boulder,08013
107400,326,Boulder,08013
107450,331,Boulder,08013
107380,324,Boulder,08013
107390,325,Boulder,08013
107320,318,Boulder,08013
107190,305,Boulder,08013
107210,307,Boulder,08013
107410,327,Boulder,08013
107160,302,Boulder,08013
107250,311,Boulder,08013
107230,309,Boulder,08013
102670,79,Boulder,08013
102640,76,Boulder,08013
108130,347,Boulder,08013
108180,352,Boulder,08013
108120,346,Boulder,08013
108060,340,Boulder,08013
108040,338,Boulder,08013
107130,299,Boulder,08013
107140,300,Boulder,08013
107110,297,Boulder,08013
107220,308,Boulder,08013
107030,289,Boulder,08013
107100,296,Boulder,08013
107240,310,Boulder,08013
107120,298,Boulder,08013
107040,290,Boulder,08013
107050,291,Boulder,08013
108210,355,Boulder,08013
108290,363,Boulder,08013
108480,382,Boulder,08013
108300,364,Boulder,08013
108490,383,Boulder,08013
108460,380,Boulder,08013
108310,365,Boulder,08013
105380,238,Boulder,08013
108590,393,Boulder,08013
108500,384,Boulder,08013
108570,391,Boulder,08013
108580,392,Boulder,08013
108660,400,Boulder,08013
108090,343,Boulder,08013
108140,348,Boulder,08013
108360,370,Boulder,08013
108100,344,Boulder,08013
108160,350,Boulder,08013
108110,345,Boulder,08013
108340,368,Boulder,08013
108150,349,Boulder,08013
108080,342,Boulder,08013
108170,351,Boulder,08013
108320,366,Boulder,08013
108070,341,Boulder,08013
108640,398,Boulder,08013
108670,401,Boulder,08013
108650,399,Boulder,08013
108380,372,Boulder,08013
108370,371,Boulder,08013
108400,374,Boulder,08013
108630,397,Boulder,08013
108390,373,Boulder,08013
108350,369,Boulder,08013
107010,287,Boulder,08013
108680,402,Boulder,08013
107150,301,Boulder,08013
107200,306,Boulder,08013
108710,405,Boulder,08013
108330,367,Boulder,08013
108410,375,Boulder,08013
108420,376,Boulder,08013
107020,288,Boulder,08013
108690,403,Boulder,08013
108700,404,Boulder,08013
108610,395,Boulder,08013
108620,396,Boulder,08013
108450,379,Boulder,08013
108440,378,Boulder,08013
108430,377,Boulder,08013
108600,394,Boulder,08013
108470,381,Boulder,08013
108190,353,Boulder,08013
108200,354,Boulder,08013
108030,337,Boulder,08013
202410,448,Jefferson,08059
106450,286,Boulder,08013
106240,279,Boulder,08013
106430,284,Boulder,08013
106230,278,Boulder,08013
106040,267,Boulder,08013
106420,283,Boulder,08013
106250,280,Boulder,08013
105610,261,Boulder,08013
105620,262,Boulder,08013
106440,285,Boulder,08013
106210,276,Boulder,08013
703040,2640,Broomfield,08014
102630,75,Boulder,08013
108230,357,Boulder,08013
102260,39,Boulder,08013
105300,230,Boulder,08013
105290,229,Boulder,08013
105280,228,Boulder,08013
105310,231,Boulder,08013
102620,74,Boulder,08013
102440,56,Boulder,08013
102680,80,Boulder,08013
102410,54,Boulder,08013
108250,359,Boulder,08013
102360,49,Boulder,08013
102460,58,Boulder,08013
102370,50,Boulder,08013
102450,57,Boulder,08013
102390,52,Boulder,08013
102380,51,Boulder,08013
105050,205,Boulder,08013
105090,209,Boulder,08013
102610,73,Boulder,08013
102690,81,Boulder,08013
102400,53,Boulder,08013
102700,82,Boulder,08013
102480,60,Boulder,08013
102490,61,Boulder,08013
102470,59,Boulder,08013
102710,83,Boulder,08013
102720,84,Boulder,08013
102860,98,Boulder,08013
102600,72,Boulder,08013
107280,314,Boulder,08013
107270,313,Boulder,08013
108240,358,Boulder,08013
105040,204,Boulder,08013
105020,202,Boulder,08013
107080,294,Boulder,08013
107260,312,Boulder,08013
107070,293,Boulder,08013
107060,292,Boulder,08013
107090,295,Boulder,08013
108260,360,Boulder,08013
105030,203,Boulder,08013
105010,201,Boulder,08013
102880,100,Boulder,08013
102890,101,Boulder,08013
108530,387,Boulder,08013
108540,388,Boulder,08013
108550,389,Boulder,08013
108560,390,Boulder,08013
108520,386,Boulder,08013
108280,362,Boulder,08013
108270,361,Boulder,08013
108220,356,Boulder,08013
108510,385,Boulder,08013
102870,99,Boulder,08013
102240,37,Boulder,08013
102170,30,Boulder,08013
102010,14,Boulder,08013
102050,18,Boulder,08013
102070,20,Boulder,08013
102040,17,Boulder,08013
102090,22,Boulder,08013
102060,19,Boulder,08013
104400,195,Boulder,08013
104210,176,Boulder,08013
104410,196,Boulder,08013
104370,192,Boulder,08013
802310,2752,Weld,08123
802322,2753,Weld,08123
802330,2754,Weld,08123
802340,2755,Weld,08123
802350,2756,Weld,08123
802360,2757,Weld,08123
802370,2758,Weld,08123
302080,883,Adams,08001
302010,876,Adams,08001
802380,2759,Weld,08123
802390,2760,Weld,08123
802400,2761,Weld,08123
802410,2762,Weld,08123
802420,2763,Weld,08123
802430,2764,Weld,08123
802441,2765,Weld,08123
301090,847,Adams,08001
301120,850,Adams,08001
301130,851,Adams,08001
301080,846,Adams,08001
301100,848,Adams,08001
302090,884,Adams,08001
301110,849,Adams,08001
802451,2766,Weld,08123
802460,2767,Weld,08123
802470,2768,Weld,08123
802480,2769,Weld,08123
706220,2716,Broomfield,08014
706180,2712,Broomfield,08014
706190,2713,Broomfield,08014
706210,2715,Broomfield,08014
706240,2718,Broomfield,08014
706150,2709,Broomfield,08014
301300,859,Adams,08001
301280,857,Adams,08001
301140,852,Adams,08001
301310,860,Adams,08001
301320,861,Adams,08001
301330,862,Adams,08001
302100,885,Adams,08001
301340,863,Adams,08001
105540,254,Boulder,08013
105550,255,Boulder,08013
105450,245,Boulder,08013
105520,252,Boulder,08013
105530,253,Boulder,08013
706200,2714,Broomfield,08014
802490,2770,Weld,08123
802501,2771,Weld,08123
706120,2706,Broomfield,08014
706160,2710,Broomfield,08014
301060,844,Adams,08001
706140,2708,Broomfield,08014
706170,2711,Broomfield,08014
301070,845,Adams,08001
706110,2705,Broomfield,08014
706100,2704,Broomfield,08014
706090,2703,Broomfield,08014
301260,855,Adams,08001
706080,2702,Broomfield,08014
704140,2667,Broomfield,08014
105510,251,Boulder,08013
106100,272,Boulder,08013
105490,249,Boulder,08013
705010,2677,Broomfield,08014
105500,250,Boulder,08013
704150,2668,Broomfield,08014
105480,248,Boulder,08013
105470,247,Boulder,08013
105180,218,Boulder,08013
105170,217,Boulder,08013
105460,246,Boulder,08013
301240,853,Adams,08001
706070,2701,Broomfield,08014
706060,2700,Broomfield,08014
301270,856,Adams,08001
301290,858,Adams,08001
301250,854,Adams,08001
301350,864,Adams,08001
302230,898,Adams,08001
705020,2678,Broomfield,08014
705040,2680,Broomfield,08014
705050,2681,Broomfield,08014
705030,2679,Broomfield,08014
705070,2683,Broomfield,08014
301360,865,Adams,08001
301470,869,Adams,08001
302250,900,Adams,08001
301450,867,Adams,08001
302240,899,Adams,08001
705100,2686,Broomfield,08014
301480,870,Adams,08001
301490,871,Adams,08001
301510,873,Adams,08001
301500,872,Adams,08001
306020,1008,Adams,08001
306010,1007,Adams,08001
306030,1009,Adams,08001
306210,1027,Adams,08001
306200,1026,Adams,08001
307080,1044,Adams,08001
307070,1043,Adams,08001
309140,1109,Adams,08001
307210,1057,Adams,08001
308060,1076,Adams,08001
308050,1075,Adams,08001
308040,1074,Adams,08001
309150,1110,Adams,08001
307200,1056,Adams,08001
307230,1059,Adams,08001
307190,1055,Adams,08001
307180,1054,Adams,08001
306230,1029,Adams,08001
307240,1060,Adams,08001
307130,1049,Adams,08001
306220,1028,Adams,08001
306240,1030,Adams,08001
307110,1047,Adams,08001
307120,1048,Adams,08001
307090,1045,Adams,08001
202150,423,Jefferson,08059
202160,424,Jefferson,08059
704120,2665,Broomfield,08014
704040,2657,Broomfield,08014
202140,422,Jefferson,08059
202260,433,Jefferson,08059
202270,434,Jefferson,08059
202290,436,Jefferson,08059
202460,453,Jefferson,08059
202300,437,Jefferson,08059
202130,421,Jefferson,08059
704130,2666,Broomfield,08014
704100,2663,Broomfield,08014
202120,420,Jefferson,08059
202470,454,Jefferson,08059
202490,455,Jefferson,08059
308010,1071,Adams,08001
202310,438,Jefferson,08059
202280,435,Jefferson,08059
307010,1037,Adams,08001
307150,1051,Adams,08001
307160,1052,Adams,08001
704220,2675,Broomfield,08014
704230,2676,Broomfield,08014
704050,2658,Broomfield,08014
704160,2669,Broomfield,08014
704180,2671,Broomfield,08014
704070,2660,Broomfield,08014
307020,1038,Adams,08001
307030,1039,Adams,08001
307140,1050,Adams,08001
704200,2673,Broomfield,08014
704210,2674,Broomfield,08014
705150,2691,Broomfield,08014
704110,2664,Broomfield,08014
704090,2662,Broomfield,08014
704190,2672,Broomfield,08014
704170,2670,Broomfield,08014
307040,1040,Adams,08001
307050,1041,Adams,08001
307170,1053,Adams,08001
307270,1063,Adams,08001
307060,1042,Adams,08001
301550,875,Adams,08001
202340,441,Jefferson,08059
202360,443,Jefferson,08059
202450,452,Jefferson,08059
202330,440,Jefferson,08059
202320,439,Jefferson,08059
202240,431,Jefferson,08059
202250,432,Jefferson,08059
106170,273,Boulder,08013
704010,2654,Broomfield,08014
704030,2656,Broomfield,08014
704080,2661,Broomfield,08014
704060,2659,Broomfield,08014
307320,1068,Adams,08001
307300,1066,Adams,08001
307310,1067,Adams,08001
307330,1069,Adams,08001
307290,1065,Adams,08001
308030,1073,Adams,08001
307280,1064,Adams,08001
308100,1080,Adams,08001
308110,1081,Adams,08001
308090,1079,Adams,08001
308120,1082,Adams,08001
308020,1072,Adams,08001
307250,1061,Adams,08001
307260,1062,Adams,08001
307220,1058,Adams,08001
307340,1070,Adams,08001
308080,1078,Adams,08001
307100,1046,Adams,08001
705110,2687,Broomfield,08014
705060,2682,Broomfield,08014
705090,2685,Broomfield,08014
301370,866,Adams,08001
705140,2690,Broomfield,08014
705170,2693,Broomfield,08014
705160,2692,Broomfield,08014
705080,2684,Broomfield,08014
705120,2688,Broomfield,08014
705130,2689,Broomfield,08014
705180,2694,Broomfield,08014
301460,868,Adams,08001
301520,874,Adams,08001
802510,2772,Weld,08123
103530,154,Boulder,08013
802520,2773,Weld,08123
102300,43,Boulder,08013
102310,44,Boulder,08013
102520,64,Boulder,08013
102550,67,Boulder,08013
102540,66,Boulder,08013
102530,65,Boulder,08013
802530,2774,Weld,08123
102570,69,Boulder,08013
102760,88,Boulder,08013
802540,2775,Weld,08123
102780,90,Boulder,08013
102770,89,Boulder,08013
706010,2695,Broomfield,08014
706020,2696,Broomfield,08014
105130,213,Boulder,08013
105210,221,Boulder,08013
105220,222,Boulder,08013
102800,92,Boulder,08013
102810,93,Boulder,08013
105160,216,Boulder,08013
105150,215,Boulder,08013
102790,91,Boulder,08013
105190,219,Boulder,08013
105200,220,Boulder,08013
105140,214,Boulder,08013
102820,94,Boulder,08013
103490,150,Boulder,08013
102560,68,Boulder,08013
802021,2785,Weld,08123
706030,2697,Broomfield,08014
706040,2698,Broomfield,08014
706050,2699,Broomfield,08014
706130,2707,Broomfield,08014
302340,909,Adams,08001
302330,908,Adams,08001
302170,892,Adams,08001
302190,894,Adams,08001
302180,893,Adams,08001
302200,895,Adams,08001
302110,886,Adams,08001
302210,896,Adams,08001
302310,906,Adams,08001
302320,907,Adams,08001
306090,1015,Adams,08001
306070,1013,Adams,08001
306080,1014,Adams,08001
306050,1011,Adams,08001
302300,905,Adams,08001
306140,1020,Adams,08001
306290,1035,Adams,08001
309050,1100,Adams,08001
306300,1036,Adams,08001
306150,1021,Adams,08001
306160,1022,Adams,08001
306060,1012,Adams,08001
306190,1025,Adams,08001
306040,1010,Adams,08001
302270,902,Adams,08001
302280,903,Adams,08001
306180,1024,Adams,08001
306170,1023,Adams,08001
306280,1034,Adams,08001
309040,1099,Adams,08001
309100,1105,Adams,08001
309200,1115,Adams,08001
309080,1103,Adams,08001
306270,1033,Adams,08001
306260,1032,Adams,08001
309030,1098,Adams,08001
306250,1031,Adams,08001
309180,1113,Adams,08001
309160,1111,Adams,08001
309110,1106,Adams,08001
309020,1097,Adams,08001
309010,1096,Adams,08001
309170,1112,Adams,08001
309130,1108,Adams,08001
309120,1107,Adams,08001
309090,1104,Adams,08001
302220,897,Adams,08001
302290,904,Adams,08001
302260,901,Adams,08001
302120,887,Adams,08001
802022,2786,Weld,08123
802031,2787,Weld,08123
802033,2788,Weld,08123
706260,2720,Broomfield,08014
706280,2722,Broomfield,08014
706270,2721,Broomfield,08014
706250,2719,Broomfield,08014
706230,2717,Broomfield,08014
802032,2789,Weld,08123
103040,105,Boulder,08013
103050,106,Boulder,08013
802034,2790,Weld,08123
802035,2791,Weld,08123
802191,2792,Weld,08123
802192,2793,Weld,08123
802194,2794,Weld,08123
103110,112,Boulder,08013
802452,2795,Weld,08123
103100,111,Boulder,08013
103300,131,Boulder,08013
103200,121,Boulder,08013
103130,114,Boulder,08013
103120,113,Boulder,08013
103310,132,Boulder,08013
103290,130,Boulder,08013
103280,129,Boulder,08013
103210,122,Boulder,08013
104190,174,Boulder,08013
104290,184,Boulder,08013
103180,119,Boulder,08013
103220,123,Boulder,08013
103260,127,Boulder,08013
103330,134,Boulder,08013
103240,125,Boulder,08013
103320,133,Boulder,08013
103230,124,Boulder,08013
103270,128,Boulder,08013
103190,120,Boulder,08013
104180,173,Boulder,08013
104170,172,Boulder,08013
104300,185,Boulder,08013
104090,164,Boulder,08013
103360,137,Boulder,08013
103170,118,Boulder,08013
103340,135,Boulder,08013
103400,141,Boulder,08013
103540,155,Boulder,08013
103390,140,Boulder,08013
103380,139,Boulder,08013
103370,138,Boulder,08013
103350,136,Boulder,08013
104330,188,Boulder,08013
103250,126,Boulder,08013
103090,110,Boulder,08013
103080,109,Boulder,08013
104070,162,Boulder,08013
103140,115,Boulder,08013
103150,116,Boulder,08013
103160,117,Boulder,08013
104060,161,Boulder,08013
104080,163,Boulder,08013
802453,2796,Weld,08123
305030,996,Adams,08001
305020,995,Adams,08001
802321,2797,Weld,08123
802323,2798,Weld,08123
305010,994,Adams,08001
305060,999,Adams,08001
802442,2799,Weld,08123
305050,998,Adams,08001
504190,1955,Arapahoe,08005
504180,1954,Arapahoe,08005
802502,2800,Weld,08123
802011,2801,Weld,08123
413020,1847,Denver,08031
304350,967,Adams,08001
305080,1001,Adams,08001
304030,935,Adams,08001
305070,1000,Adams,08001
304370,969,Adams,08001
304340,966,Adams,08001
413010,1846,Denver,08031
304040,936,Adams,08001
413060,1851,Denver,08031
413070,1852,Denver,08031
413080,1853,Denver,08031
304380,970,Adams,08001
504210,1957,Arapahoe,08005
803050,2777,Elbert,08039
305040,997,Adams,08001
803090,2781,Elbert,08039
504170,1953,Arapahoe,08005
803120,2784,Elbert,08039
607620,2590,Douglas,08035
607460,2574,Douglas,08035
803080,2780,Elbert,08039
607610,2589,Douglas,08035
607470,2575,Douglas,08035
607820,2610,Douglas,08035
607450,2573,Douglas,08035
607600,2588,Douglas,08035
606410,2525,Douglas,08035
607440,2572,Douglas,08035
803070,2779,Elbert,08039
803060,2778,Elbert,08039
504160,1952,Arapahoe,08005
313330,1265,Adams,08001
305130,1006,Adams,08001
504220,1958,Arapahoe,08005
504560,1992,Arapahoe,08005
504670,2003,Arapahoe,08005
803110,2783,Elbert,08039
803100,2782,Elbert,08039
305100,1003,Adams,08001
313200,1252,Adams,08001
305120,1005,Adams,08001
313190,1251,Adams,08001
504660,2002,Arapahoe,08005
504550,1991,Arapahoe,08005
504230,1959,Arapahoe,08005
504780,2014,Arapahoe,08005
504810,2017,Arapahoe,08005
504680,2004,Arapahoe,08005
504650,2001,Arapahoe,08005
504790,2015,Arapahoe,08005
504800,2016,Arapahoe,08005
514350,2331,Arapahoe,08005
514340,2330,Arapahoe,08005
504770,2013,Arapahoe,08005
504690,2005,Arapahoe,08005
504640,2000,Arapahoe,08005
504760,2012,Arapahoe,08005
504750,2011,Arapahoe,08005
514220,2318,Arapahoe,08005
514240,2320,Arapahoe,08005
514230,2319,Arapahoe,08005
514250,2321,Arapahoe,08005
514260,2322,Arapahoe,08005
514320,2328,Arapahoe,08005
514200,2316,Arapahoe,08005
504730,2009,Arapahoe,08005
514210,2317,Arapahoe,08005
514270,2323,Arapahoe,08005
514160,2312,Arapahoe,08005
514170,2313,Arapahoe,08005
514180,2314,Arapahoe,08005
514150,2311,Arapahoe,08005
514280,2324,Arapahoe,08005
514110,2307,Arapahoe,08005
514100,2306,Arapahoe,08005
514290,2325,Arapahoe,08005
514300,2326,Arapahoe,08005
606010,2485,Douglas,08035
513170,2287,Arapahoe,08005
513260,2296,Arapahoe,08005
513180,2288,Arapahoe,08005
513160,2286,Arapahoe,08005
513250,2295,Arapahoe,08005
605080,2437,Douglas,08035
606280,2512,Douglas,08035
606270,2511,Douglas,08035
606420,2526,Douglas,08035
606440,2528,Douglas,08035
606360,2520,Douglas,08035
606160,2500,Douglas,08035
606150,2499,Douglas,08035
606060,2490,Douglas,08035
606260,2510,Douglas,08035
606290,2513,Douglas,08035
606350,2519,Douglas,08035
606370,2521,Douglas,08035
606070,2491,Douglas,08035
606050,2489,Douglas,08035
606140,2498,Douglas,08035
606170,2501,Douglas,08035
606250,2509,Douglas,08035
606300,2514,Douglas,08035
606310,2515,Douglas,08035
606240,2508,Douglas,08035
606340,2518,Douglas,08035
606380,2522,Douglas,08035
606330,2517,Douglas,08035
605470,2476,Douglas,08035
514330,2329,Arapahoe,08005
606040,2488,Douglas,08035
605550,2484,Douglas,08035
605540,2483,Douglas,08035
607490,2577,Douglas,08035
607430,2571,Douglas,08035
606110,2495,Douglas,08035
606100,2494,Douglas,08035
606090,2493,Douglas,08035
605380,2467,Douglas,08035
606320,2516,Douglas,08035
606200,2504,Douglas,08035
606120,2496,Douglas,08035
605130,2442,Douglas,08035
606190,2503,Douglas,08035
606180,2502,Douglas,08035
606230,2507,Douglas,08035
605390,2468,Douglas,08035
605360,2465,Douglas,08035
605370,2466,Douglas,08035
514310,2327,Arapahoe,08005
606020,2486,Douglas,08035
606080,2492,Douglas,08035
605120,2441,Douglas,08035
605140,2443,Douglas,08035
605110,2440,Douglas,08035
605350,2464,Douglas,08035
606210,2505,Douglas,08035
605290,2458,Douglas,08035
606220,2506,Douglas,08035
605280,2457,Douglas,08035
605100,2439,Douglas,08035
605090,2438,Douglas,08035
605150,2444,Douglas,08035
605160,2445,Douglas,08035
605270,2456,Douglas,08035
606030,2487,Douglas,08035
606130,2497,Douglas,08035
606430,2527,Douglas,08035
504150,1951,Arapahoe,08005
504140,1950,Arapahoe,08005
413120,1857,Denver,08031
504240,1960,Arapahoe,08005
504250,1961,Arapahoe,08005
504130,1949,Arapahoe,08005
313340,1266,Adams,08001
413130,1858,Denver,08031
413150,1860,Denver,08031
313350,1267,Adams,08001
504260,1962,Arapahoe,08005
504110,1947,Arapahoe,08005
313460,1278,Adams,08001
313030,1235,Adams,08001
413100,1855,Denver,08031
313040,1236,Adams,08001
313020,1234,Adams,08001
413090,1854,Denver,08031
413110,1856,Denver,08031
413040,1849,Denver,08031
313060,1238,Adams,08001
313010,1233,Adams,08001
313290,1261,Adams,08001
313360,1268,Adams,08001
313370,1269,Adams,08001
313270,1259,Adams,08001
313280,1260,Adams,08001
504280,1964,Arapahoe,08005
504270,1963,Arapahoe,08005
504100,1946,Arapahoe,08005
504740,2010,Arapahoe,08005
313100,1242,Adams,08001
313080,1240,Adams,08001
313120,1244,Adams,08001
313070,1239,Adams,08001
413200,1865,Denver,08031
413190,1864,Denver,08031
313110,1243,Adams,08001
313090,1241,Adams,08001
313130,1245,Adams,08001
313140,1246,Adams,08001
313170,1249,Adams,08001
313150,1247,Adams,08001
313160,1248,Adams,08001
313240,1256,Adams,08001
313230,1255,Adams,08001
313220,1254,Adams,08001
313440,1276,Adams,08001
504070,1943,Arapahoe,08005
504050,1941,Arapahoe,08005
313420,1274,Adams,08001
504290,1965,Arapahoe,08005
504360,1972,Arapahoe,08005
504300,1966,Arapahoe,08005
504380,1974,Arapahoe,08005
504080,1944,Arapahoe,08005
504090,1945,Arapahoe,08005
515130,2344,Arapahoe,08005
515110,2342,Arapahoe,08005
504620,1998,Arapahoe,08005
504710,2007,Arapahoe,08005
504720,2008,Arapahoe,08005
505200,2037,Arapahoe,08005
504610,1997,Arapahoe,08005
504590,1995,Arapahoe,08005
504630,1999,Arapahoe,08005
504700,2006,Arapahoe,08005
504310,1967,Arapahoe,08005
504040,1940,Arapahoe,08005
504060,1942,Arapahoe,08005
504030,1939,Arapahoe,08005
504340,1970,Arapahoe,08005
504350,1971,Arapahoe,08005
504370,1973,Arapahoe,08005
504510,1987,Arapahoe,08005
505180,2035,Arapahoe,08005
505170,2034,Arapahoe,08005
504490,1985,Arapahoe,08005
504480,1984,Arapahoe,08005
504470,1983,Arapahoe,08005
505160,2033,Arapahoe,08005
505190,2036,Arapahoe,08005
505210,2038,Arapahoe,08005
505220,2039,Arapahoe,08005
504320,1968,Arapahoe,08005
504020,1938,Arapahoe,08005
504010,1937,Arapahoe,08005
504460,1982,Arapahoe,08005
504330,1969,Arapahoe,08005
503080,1912,Arapahoe,08005
503070,1911,Arapahoe,08005
503170,1921,Arapahoe,08005
503090,1913,Arapahoe,08005
503050,1909,Arapahoe,08005
503110,1915,Arapahoe,08005
503100,1914,Arapahoe,08005
503030,1907,Arapahoe,08005
503160,1920,Arapahoe,08005
503190,1923,Arapahoe,08005
503180,1922,Arapahoe,08005
503150,1919,Arapahoe,08005
502220,1904,Arapahoe,08005
503140,1918,Arapahoe,08005
502210,1903,Arapahoe,08005
505230,2040,Arapahoe,08005
505240,2041,Arapahoe,08005
515100,2341,Arapahoe,08005
505150,2032,Arapahoe,08005
505050,2022,Arapahoe,08005
514080,2304,Arapahoe,08005
514070,2303,Arapahoe,08005
514040,2300,Arapahoe,08005
515030,2334,Arapahoe,08005
515040,2335,Arapahoe,08005
505250,2042,Arapahoe,08005
515070,2338,Arapahoe,08005
505140,2031,Arapahoe,08005
505130,2030,Arapahoe,08005
515080,2339,Arapahoe,08005
515090,2340,Arapahoe,08005
506250,2072,Arapahoe,08005
505300,2047,Arapahoe,08005
505290,2046,Arapahoe,08005
515050,2336,Arapahoe,08005
506240,2071,Arapahoe,08005
514030,2299,Arapahoe,08005
504500,1986,Arapahoe,08005
503230,1927,Arapahoe,08005
503200,1924,Arapahoe,08005
503220,1926,Arapahoe,08005
503210,1925,Arapahoe,08005
505260,2043,Arapahoe,08005
505270,2044,Arapahoe,08005
515060,2337,Arapahoe,08005
505120,2029,Arapahoe,08005
505060,2023,Arapahoe,08005
505080,2025,Arapahoe,08005
505070,2024,Arapahoe,08005
506170,2064,Arapahoe,08005
505280,2045,Arapahoe,08005
506230,2070,Arapahoe,08005
506190,2066,Arapahoe,08005
506180,2065,Arapahoe,08005
506070,2054,Arapahoe,08005
506080,2055,Arapahoe,08005
505090,2026,Arapahoe,08005
506100,2057,Arapahoe,08005
505010,2018,Arapahoe,08005
505020,2019,Arapahoe,08005
506060,2053,Arapahoe,08005
506090,2056,Arapahoe,08005
506160,2063,Arapahoe,08005
506200,2067,Arapahoe,08005
505100,2027,Arapahoe,08005
506220,2069,Arapahoe,08005
514020,2298,Arapahoe,08005
506260,2073,Arapahoe,08005
515010,2332,Arapahoe,08005
515020,2333,Arapahoe,08005
506270,2074,Arapahoe,08005
506150,2062,Arapahoe,08005
503240,1928,Arapahoe,08005
506110,2058,Arapahoe,08005
506050,2052,Arapahoe,08005
503290,1933,Arapahoe,08005
506120,2059,Arapahoe,08005
506130,2060,Arapahoe,08005
507210,2095,Arapahoe,08005
503300,1934,Arapahoe,08005
503280,1932,Arapahoe,08005
503260,1930,Arapahoe,08005
503310,1935,Arapahoe,08005
506020,2049,Arapahoe,08005
506040,2051,Arapahoe,08005
506030,2050,Arapahoe,08005
507140,2088,Arapahoe,08005
503320,1936,Arapahoe,08005
507040,2078,Arapahoe,08005
507280,2102,Arapahoe,08005
507130,2087,Arapahoe,08005
506010,2048,Arapahoe,08005
507030,2077,Arapahoe,08005
507050,2079,Arapahoe,08005
503250,1929,Arapahoe,08005
503270,1931,Arapahoe,08005
515140,2345,Arapahoe,08005
514190,2315,Arapahoe,08005
515150,2346,Arapahoe,08005
515160,2347,Arapahoe,08005
514090,2305,Arapahoe,08005
515170,2348,Arapahoe,08005
515120,2343,Arapahoe,08005
505040,2021,Arapahoe,08005
505030,2020,Arapahoe,08005
505110,2028,Arapahoe,08005
404120,1410,Denver,08031
413220,1867,Denver,08031
404110,1409,Denver,08031
404100,1408,Denver,08031
404170,1415,Denver,08031
404180,1416,Denver,08031
404160,1414,Denver,08031
404150,1413,Denver,08031
404190,1417,Denver,08031
404140,1412,Denver,08031
404290,1427,Denver,08031
404080,1406,Denver,08031
404090,1407,Denver,08031
404260,1424,Denver,08031
404250,1423,Denver,08031
404240,1422,Denver,08031
404230,1421,Denver,08031
404130,1411,Denver,08031
413210,1866,Denver,08031
404220,1420,Denver,08031
404200,1418,Denver,08031
404280,1426,Denver,08031
404410,1439,Denver,08031
312060,1203,Adams,08001
312090,1206,Adams,08001
312050,1202,Adams,08001
312100,1207,Adams,08001
313250,1257,Adams,08001
313390,1271,Adams,08001
404270,1425,Denver,08031
312130,1210,Adams,08001
312140,1211,Adams,08001
313410,1273,Adams,08001
312150,1212,Adams,08001
312080,1205,Adams,08001
312110,1208,Adams,08001
312120,1209,Adams,08001
503060,1910,Arapahoe,08005
312350,1231,Adams,08001
312040,1201,Adams,08001
312030,1200,Adams,08001
312020,1199,Adams,08001
312340,1230,Adams,08001
312160,1213,Adams,08001
312170,1214,Adams,08001
312230,1219,Adams,08001
312300,1226,Adams,08001
312330,1229,Adams,08001
312250,1221,Adams,08001
312210,1218,Adams,08001
312180,1215,Adams,08001
503010,1905,Arapahoe,08005
503020,1906,Arapahoe,08005
312310,1227,Adams,08001
312320,1228,Adams,08001
312240,1220,Adams,08001
312010,1198,Adams,08001
503040,1908,Arapahoe,08005
312070,1204,Adams,08001
313430,1275,Adams,08001
313380,1270,Adams,08001
313260,1258,Adams,08001
313400,1272,Adams,08001
312360,1232,Adams,08001
404210,1419,Denver,08031
413180,1863,Denver,08031
413170,1862,Denver,08031
504570,1993,Arapahoe,08005
504540,1990,Arapahoe,08005
504410,1977,Arapahoe,08005
504390,1975,Arapahoe,08005
504400,1976,Arapahoe,08005
504420,1978,Arapahoe,08005
504530,1989,Arapahoe,08005
504580,1994,Arapahoe,08005
504520,1988,Arapahoe,08005
504440,1980,Arapahoe,08005
504600,1996,Arapahoe,08005
504430,1979,Arapahoe,08005
504450,1981,Arapahoe,08005
313320,1264,Adams,08001
313050,1237,Adams,08001
413050,1850,Denver,08031
313180,1250,Adams,08001
313210,1253,Adams,08001
313300,1262,Adams,08001
313310,1263,Adams,08001
313450,1277,Adams,08001
504120,1948,Arapahoe,08005
803040,2776,Elbert,08039
305090,1002,Adams,08001
305110,1004,Adams,08001
504200,1956,Arapahoe,08005
802012,2802,Weld,08123
304020,934,Adams,08001
802550,2803,Weld,08123
802013,2804,Weld,08123
303080,917,Adams,08001
303070,916,Adams,08001
304010,933,Adams,08001
303090,918,Adams,08001
303160,925,Adams,08001
303020,911,Adams,08001
303100,919,Adams,08001
303110,920,Adams,08001
303120,921,Adams,08001
303190,928,Adams,08001
303150,924,Adams,08001
304140,946,Adams,08001
303200,929,Adams,08001
303140,923,Adams,08001
303060,915,Adams,08001
303210,930,Adams,08001
303130,922,Adams,08001
303220,931,Adams,08001
303230,932,Adams,08001
304060,938,Adams,08001
304360,968,Adams,08001
304330,965,Adams,08001
304050,937,Adams,08001
304220,954,Adams,08001
304200,952,Adams,08001
304070,939,Adams,08001
304210,953,Adams,08001
304290,961,Adams,08001
304390,971,Adams,08001
304320,964,Adams,08001
304400,972,Adams,08001
304090,941,Adams,08001
304100,942,Adams,08001
304130,945,Adams,08001
304190,951,Adams,08001
304180,950,Adams,08001
304110,943,Adams,08001
304230,955,Adams,08001
304150,947,Adams,08001
304080,940,Adams,08001
304280,960,Adams,08001
304260,958,Adams,08001
304270,959,Adams,08001
304120,944,Adams,08001
303040,913,Adams,08001
303030,912,Adams,08001
303050,914,Adams,08001
413030,1848,Denver,08031
